price,marketing,discount,sales
43.708610696262625,261.70568373590595,17.159876348507783,554.1427589698288
95.56428757689245,246.97879907199982,24.16296987899959,471.8136086716945
75.87945476302646,906.2545805210367,22.804827893704772,848.2414863701473
63.8792635777333,249.5461998495061,4.61699714081321,484.9554838288673
24.041677639819287,271.94972612863097,4.477484092244217,562.5107968552417
24.03950683025824,759.3982624179637,8.045231032347399,848.8270087667885
15.227525095137953,449.73984245054,10.832241790231116,692.3979010282127
87.95585311974416,776.7105569551812,12.253667442254478,706.800899787372
64.1003510568888,65.36615756438525,20.39091650500036,457.9027435497317
73.7265320016441,487.5711936733843,1.7004129649750621,545.9822162874623
11.85260448662222,33.613600183282635,1.0401811267819916,486.49846320639284
97.29188669457949,62.65320345535452,11.75731688831727,310.68071280918883
84.91983767203796,906.437453344411,20.914910764139414,851.1639407260465
29.110519961044854,139.24537111759517,5.803060288694477,502.75359940787496
26.364247048639054,532.4206822752171,19.24513443768755,787.5026276914317
26.506405886809045,411.09560260070657,7.794844138208984,632.4190153555288
37.381801866358394,347.3433262588427,26.58258326440549,668.3913450044237
57.228078846901404,899.8333456872724,26.870698327998497,915.5203267357238
48.87505167779042,21.8233967754895,8.918616128439794,441.9976303976297
36.21062261782377,663.789686175589,6.899812618897215,750.0736136012621
65.06676052501416,963.3944342135504,12.339119161986938,841.1150354623038
22.554447458683764,560.168183461842,7.215947555404462,736.2939297967607
36.29301836816963,936.8224620330918,20.17151529875111,944.3470522804629
42.97256589643225,52.257879286023766,24.781940536448566,529.9700883072227
51.046298579533236,418.7933190741614,20.19276392733651,612.3038540798043
80.66583652537122,260.15779096205114,24.730513417480484,550.1621402923162
27.970640394252378,730.8209649807297,11.909764866224224,821.0847166948449
56.28109945722505,981.2970904972467,4.689509121265826,866.9098970464215
63.31731119758382,256.5300624442478,22.138528421927763,510.90578181719496
14.180537144799796,654.1746014740745,10.814235154246617,858.6820689902574
64.67903667112945,198.09763275974012,20.138124756873975,525.8606683852865
25.347171131856236,565.3302545716099,8.119318259452971,758.746267347678
15.854643368675156,463.9324866883362,2.4368890442001803,666.7539028051498
95.39969835279999,972.005329631537,29.7774538646329,856.1772847684755
96.90688297671034,608.5272726964665,4.686045237917979,501.4815280656605
82.7557613304815,349.50637208681877,29.65262981890443,567.1661534936015
37.41523922560336,114.09578488793338,29.31839797699342,622.2765576807835
18.79049026057455,151.24682873493455,23.81454311724119,662.2257169840719
71.58097238609412,225.3169299512351,19.782688862459928,497.28448040584783
49.61372443656412,250.966661340298,17.33421150753254,534.0690176204341
20.983441136030095,850.6160578411378,25.98304636133504,1011.6405686843794
54.56592191001432,561.2227882825249,8.683185648584638,660.9109937850834
13.094966900369656,523.3909113743664,14.030436374546312,722.9532689118931
91.83883618709038,114.76887186921746,18.581699080995058,398.2553175678084
33.290198344001524,860.139693349435,12.335714276084733,891.1508380070458
69.62700559185838,722.8143032084837,12.82459362270804,752.7226403816991
38.053996848046985,67.66836190000159,9.908540025062532,436.35677496588835
56.80612190600297,707.8350972297686,16.92695450053608,672.8328410036759
59.203925140895166,543.538217342646,25.51723584045348,730.1160282012605
26.636900997297435,81.72534574677826,6.045851340189385,499.9281368829029
97.26261649881027,458.30064152865646,28.032991162603242,526.80727825272
79.76195410250031,484.696287130047,20.67262961244689,577.0704429437588
94.55490474077702,165.77454016327576,24.698196380400905,505.37007007290845
90.5344615384884,945.6981470002823,16.68572077890035,775.5059743545636
63.810998092997664,849.9753714806619,23.385501042721906,872.410965966234
92.96868115208052,669.0223373291083,0.4860119201840163,538.5153899881811
17.964325184672756,462.2955610006072,24.551412743386056,737.3027816976208
27.638457617723066,411.7655415845085,1.2041657725609956,623.8804793980129
14.070456001948425,650.9734671509542,26.697401290885875,908.7942352154781
39.27972976869379,545.4318694069054,29.7588824171593,791.6748103231166
44.98095607205338,62.27310588188561,8.822023865303334,436.8645789861076
34.42141285965063,512.5026487703317,6.30955668857381,692.4629173984522
84.58637582367363,806.4036172328395,22.96090091574122,759.7436771864908
42.10779940242303,459.2398775969581,7.590790227607597,603.3303066908271
35.28410587186427,51.956577554268414,25.966871495166103,564.5458723842302
58.84264748424236,786.2781993840331,3.0852777647243013,673.5563934032383
22.683180247728636,201.3637821359744,3.7786558913807475,490.01490606317907
82.19772826786357,258.62083488803876,29.374546653018466,551.7653807465681
16.709557931179376,164.70635343229588,20.21516694810014,648.5109458271711
98.81982429404655,330.21506487149753,25.406616732868585,493.9592822657309
79.50202923669917,756.751505688635,9.729881320545541,646.6556165942956
27.884411338075516,519.3858595039374,20.29451248561813,756.2749299456106
10.496990541124216,204.88127415071256,17.827254819257917,652.2035371176781
83.39152856093507,877.8300781520409,18.09450360368841,731.3361523544338
73.61716094628554,879.5818549515292,20.475973786131647,799.1484538268693
75.61064512368885,870.5784250460069,17.260775193872956,814.3310632666021
79.41433120173512,238.79621138153928,12.871871079079979,488.33362840964065
16.664018656068134,451.2393441809881,8.277680831416404,704.4329776996152
42.261915568984534,984.9896561408751,23.05743992739606,1003.6909316299472
20.428215357261674,772.0124763099903,6.788172900095586,801.2406544660641
87.67930832880342,27.167421225559817,20.770629184632426,374.18246878294013
66.09683141448022,65.20459126049205,6.999984679479799,345.19327234237994
39.78082223673843,463.93137681233276,18.759905098633617,715.6431156903583
15.720251525742128,909.2202058615602,22.41234801387087,1012.0785158757167
37.9884089544096,538.7017979527142,6.561416667196176,727.8051757426242
39.266498982407235,497.8125080342902,1.7982990258392484,613.865182748922
75.66455605042577,105.47369995663058,3.929212289825222,364.217432203019
67.38017242196918,656.780104724294,18.179909018130765,708.7638562879973
89.84914683186939,822.1031606002255,25.483392186772065,764.171936398075
52.49934326457544,380.42000750756233,1.349904637062731,533.9458803505922
20.763482134447152,775.6118509253274,22.02453777124939,910.2679747807458
74.19203085006956,964.4766539008116,10.239559378501564,810.4370623155047
78.47065437552077,203.7664591276891,14.355851097585676,436.37107526155603
60.51494778125466,523.3296311947413,27.86578649536697,726.6861121826433
79.38704619591049,287.13795808457553,9.959145142075364,457.73872053571904
54.44160367279517,792.8544190338393,13.960108018184581,826.8427750778242
57.045954644379464,577.5933658811575,0.41047244282043316,647.4164397029635
48.47869165226947,634.5824175503037,2.4479616001451507,652.5762421642352
12.287721406968567,797.914159615894,7.757747734043521,926.9458292749821
19.7102284293974,395.9704726624549,0.8355672246322321,607.4422943529007
12.828626711806082,915.0900684070432,18.941259781447528,1031.401129619473
67.27693701374024,533.02886724614,12.791950704048675,647.2355396431786
38.2920382968694,157.954822835348,16.44435608184066,488.9835701863941
55.77136220482325,695.8991181688025,5.239415576889886,709.6219277502632
91.68098265334837,793.2613504382545,8.877960883098483,651.9226482737652
32.43630062339874,316.76167706752665,19.914734245581755,637.8826501534147
46.93446307320668,857.179256998753,28.959081708911995,973.1072177452866
77.99960246887439,906.1432547657664,1.512503208066276,707.0249617974688
30.59183489424602,276.90448737780895,26.71152962565798,656.0430792609147
16.92819188459137,983.5214727152221,17.306436039336255,1029.7791891006711
36.077630762239124,140.71152804875842,16.91758700266871,567.2784991399578
24.5099158528604,202.01566840248998,15.00835605623281,598.2704093435241
93.67278871083158,184.22483923802614,2.081822577125502,356.4942827422234
82.73083416079753,893.9897100078704,2.6963055520848203,728.2131501408894
67.00633808593811,654.2925523249619,18.02736016977258,650.9177231615867
88.43145311689459,152.10428322227287,10.22875714306675,346.0175590705762
82.33048692092031,440.323418368349,27.51804199733042,593.9051954275147
26.791305299743225,615.2980250698021,12.197716120784168,802.6445058424748
90.330309864098,83.4640849893833,4.298443761079232,213.48882001657046
58.540801772408564,882.4163684073387,21.44156500506108,949.2638951732807
82.66961396476563,803.6035354415352,8.800602643230295,713.7267218894485
90.64821699311439,505.2067735766382,15.764109220676795,563.9455860298907
38.62031274746775,967.1266152591704,20.9349835651551,1007.8243187055319
19.90467320749091,417.7609792750997,27.007923336062113,854.5157082797665
30.51416462877475,984.1103190364978,23.765735844050283,1045.463744189828
48.43970097636307,667.9199988036271,20.290832036181722,818.5594495477815
83.62132893302439,634.6712732539414,20.388995471854308,672.3373279211005
87.46575249307091,165.954895295785,28.377739320962597,458.2231141724843
10.625691747807164,881.9277583046439,8.874722924896082,939.1865552132339
55.967257231980916,427.48968792061515,0.03336282588562223,521.2265266423566
47.56699028339011,162.23340578247937,8.15863678194596,458.5984929598142
29.98970294236572,12.60751997575904,6.536741388802319,408.50167917450443
20.787883060031454,559.7556836383826,19.855037553419944,814.513236885646
40.385365426326516,527.3996221226763,19.01134799296587,687.0604274303964
94.86187335212672,719.3536223691585,17.803841481141713,669.8378942582191
39.088263881867974,890.2580530178021,0.487303296283611,829.210833103445
56.691155956902946,79.40658464302952,21.863341633519425,483.3545915700037
73.27170630056601,731.4964903403624,9.705912374564745,678.7987410407071
42.726664214136456,187.41194409758222,19.95167967019893,657.5901888627916
97.46038744488646,858.177053157164,16.6973528550646,760.997605524655
96.62025654479001,819.0635138616561,10.281927762837215,633.7443511081024
32.66040662428277,540.7937549855444,4.0372880131232325,699.588140308347
54.75236553031469,710.2427986233115,2.8325669298144285,686.7869530816641
37.07904788350927,314.3501131837484,24.945549993366708,640.2312711069576
35.63564449397208,471.16789893281464,27.55192626244674,726.2344851630069
13.319825261907951,821.6368977104717,19.493641402928986,981.2936808069345
64.86079005819072,459.2651971732139,3.103023445814501,530.1239385890201
55.24111209059753,357.7982653254418,12.060816506647221,602.5146596449205
14.633087612499041,494.2124472502999,21.868176003154716,842.3613072393396
35.07818178129503,828.2492524372184,23.394626520302044,967.0806450325779
91.74392973699884,335.20804737087275,3.546558668732658,384.53342483588006
31.560570160027517,173.7615931357438,0.0009215653614724761,506.4646622353571
23.04053848821008,712.0140203307808,21.36411137641815,912.6795780821199
54.05074842498067,825.9782127080819,10.697885279586169,790.1009422239109
98.70854086995406,100.63747852353333,7.634439948547808,269.21215767285724
31.784974436035036,239.87411275594474,0.3869240936857632,574.8023735115752
70.49219926652907,141.9719897609939,16.20898220284499,447.3791843670963
78.54576537958458,347.9414115821666,25.534522062779452,585.085052487579
31.38737895931597,450.35097890541266,28.728949388177636,749.9958191608089
75.53947137506736,748.8263369633065,16.972348518398675,696.0779629527788
43.10048194473279,651.1475848816741,15.433839832196824,756.3580525328595
66.90752475342215,620.9285674784312,2.551691564677233,618.7795256806354
67.01767396848052,352.3749466096544,16.46618404627799,525.5387714262552
58.21972156672826,841.44755308476,11.399372368961838,802.7661294274931
18.12607930489675,471.28716739816457,18.214058426507307,721.6804822748736
85.17722460303142,979.1049380151545,11.661790436296402,758.7283247058689
38.870205847456226,634.1421382957368,7.208973703511003,756.6326575713608
26.786665935986882,126.26474156450274,2.848958256851295,515.130879866884
13.669762739928753,676.177562075434,9.447553337666871,832.560956544659
63.18036488694176,325.104015431699,2.8993450286325686,456.97470892587853
70.98079256580542,686.3271966860974,5.306908524719518,625.9336567234498
11.492904603507053,69.64114816240574,29.62008475738638,637.2442366793742
56.088375246935286,174.88143717595938,13.323106707198558,505.1266811325254
30.384619767814417,855.7372589057863,15.956152995150497,944.3429058655322
68.06555113685049,227.1795570235149,26.208555862116462,525.5399523473293
25.69297861044923,837.0411252429401,29.867067014720632,956.172189084182
72.18439642922193,279.27608845441046,17.481433480340446,518.5273314772317
44.806181167048365,642.8819100587076,24.37421463132515,784.187435566059
94.30569898630611,694.150573509831,9.808230730100258,597.6517642806624
22.376884973139394,512.654753145053,9.172318723418734,774.8165979833132
40.695971594523265,305.31067669673126,12.081111629836807,615.7864445709529
20.212616911653015,212.64437637109612,20.175217880209473,651.29965621918
93.22242564507064,33.18935456242622,20.465750677652963,301.0985837008843
88.9605418042883,303.9464012407238,9.457183039483525,438.71938742903444
33.21474649436401,653.162790531283,3.9962977240988606,778.7983631266696
69.39856414307611,938.3048184484827,18.971887693965257,844.5471452918732
83.54999801810942,871.204482263052,3.8497758656629353,744.734549105114
59.96807304395161,766.0647765353026,17.354775246879903,828.6844040557422
57.66855205204058,788.4473432532986,20.80266384168927,875.1433196432781
31.76670618104065,664.9849034759952,21.01834489183355,851.441351449984
18.379249102530927,260.286857566003,22.6041633197879,705.6482490685286
90.74941821579941,907.1950307058298,26.185782646969937,854.7037925902991
91.03762514469975,670.7323119058341,14.998769758943652,650.6689474256052
66.97913115459411,560.4406309804399,21.907475685887135,673.7832772221669
40.51268119438306,110.98946921348107,18.575182060975102,513.376316232631
41.428861715139476,447.0555438064254,5.5991981939304765,634.3938263406587
75.33601109832155,460.3582712019263,0.770689346082245,469.30770637802317
90.73992339573194,864.5636095226699,8.536241570308013,698.4454749647534
89.83777818386056,546.6482201877885,13.291011190128582,603.1622450398631
80.18879912718614,380.40054897040966,18.513178332859688,476.46215323298645
67.78284815388591,976.8003285106594,25.49877991509616,958.5799824229882
17.572596849554394,110.72059332631568,5.887371501184969,565.7505901815143
24.54658426851524,422.54842831194463,3.7664936969543126,642.6739913602838
90.86987696743714,42.02467517140529,28.904398424229825,409.22642364069463
64.57861536936309,739.9041207669303,3.2413367812922136,692.5173299890268
10.827734645496669,918.0765521991507,14.354732103215674,1035.2284437323242
19.132438857942887,280.03732955048946,17.566911863799056,699.9364018035095
69.71515921972502,858.3416767991209,16.241232627223148,759.2294021810109
10.455542546159682,292.21823046189775,2.580964710988296,645.2651835513366
24.472724627574877,910.7701616439152,1.710807420108581,884.3521084304786
59.38604104299275,753.9619035967839,3.16450282383107,717.1303199041121
72.27056779234239,804.9067768414386,17.567630516178376,751.6346805954896
68.67651335523405,18.006555600454497,16.330346629029634,437.0695829532983
30.18423785145038,962.810357074026,7.0122237611023275,957.1154383852507
74.09612992127823,726.6709920703232,19.133224255367747,714.5200926289766
31.352417874712007,304.75109538613333,24.60202506166948,641.2901011699711
39.285972834334096,829.3946648588469,1.247368795397813,791.5060789740749
77.18422646062217,281.5211984149299,14.943898306441273,496.962490740544
68.46696091424931,872.7538395661279,20.679312363080708,841.5787741741062
86.43010694447601,112.58039041193702,7.569357812090613,372.44064817604084
69.18516030703091,703.6859774607957,9.233127158794472,714.150735268703
61.147774300192445,540.6984766449103,18.409137089681515,708.0386716428726
18.430729104528325,96.53447019544082,26.938058803312106,637.4710038190091
43.09442227534902,241.893828258839,24.29773260908698,571.4733484424776
33.86821309135529,12.40403627731479,17.493906572987505,486.1959557951221
31.95906790411752,468.76796546450583,21.906651532717476,779.8427288807477
97.57094992772011,301.2652607600004,10.944674106233961,411.09746327227026
45.378795220008435,598.3574842977588,19.228965842962733,774.2798967623801
90.2841899659402,297.2378077086172,13.985447733826708,438.13112316823754
66.80247633975367,299.9191115069847,5.698084093726827,447.14819174661005
81.53301731874836,743.1931987316034,21.052148216317715,728.5579665697618
55.23733837946729,48.142835978353446,16.69393912046466,451.10052174407775
61.92134961637232,902.8949951919873,10.758647458607742,799.806054456072
54.32659244369775,852.2638743911815,27.340175702358923,892.781701030592
27.571868901824004,667.8046832264065,0.628023534801998,726.1429553221618
75.02069037353547,593.2215701073843,9.473194537484881,652.492034147433
35.26951261967702,892.3024981396522,1.7064419333293968,840.041248149801
12.188436978830845,185.33017952871444,22.995819486648816,714.6615426148942
68.09250663164511,78.96916219082861,21.063223623413776,486.3856148337751
25.939961146634403,239.5101699095381,9.940566562089511,589.2066553836612
94.64127259176229,794.5782787001903,20.269887066212192,684.4612949294487
95.85357193023286,34.67026672648332,11.878116785878495,226.58806516993542
92.33779511984037,582.8068350834897,22.68761374267303,583.6669887047851
43.31428302299,995.4375161913099,13.625509882101182,894.6884136902311
11.391095487598069,855.6960938375394,12.368391834949966,996.8708084545705
93.54867063289528,521.4456890435895,28.04189746464903,623.7610575631625
48.53657334855829,63.64090928664234,7.5263729967210065,435.530735304011
96.99893371393026,831.3735143857099,3.6134201998969626,576.1444267824953
96.72579793803276,598.9785081772105,17.536293397783744,561.0543343869078
86.7708509920624,114.93299705956683,29.079654368525368,469.1646106896116
36.50040028626271,93.8572848233562,11.335176411815599,502.70654698344555
44.658795574173276,909.6268194365924,1.8611029088634456,825.7263791795257
86.60230043651713,669.2002629380785,10.179158019287023,642.6342910139266
38.522980464064986,829.2867993167555,15.177949629586752,924.038140598191
25.254347201748324,878.9789002822673,4.857690198966411,881.3835856246092
60.11211362125152,571.7723520483222,19.743066541694763,706.3462619486224
94.25392967447029,517.4463517550413,29.932481670306018,631.4017027675791
72.64268170074757,430.4274103209902,13.552184279443315,636.8098705136887
61.30550530804285,316.94658779111927,10.641856701906379,464.7853735483922
18.74588443936917,434.59596085871175,12.021125005034,741.6626425800825
65.35065040292528,773.8796557301564,3.4543853518560343,704.7157359528105
99.10484650938369,601.9234310151315,26.498208042786715,653.1413679788736
22.60756137128716,892.5232899548461,12.444769665640559,920.9416325719227
56.64966871273631,443.38001437918774,11.61823234274524,608.3632118393577
88.96357647351599,607.0895787187541,19.79070818791423,656.9499182623651
76.6691755978784,631.3075530919887,13.261002627933706,745.3385689233429
72.73141668957412,591.6971623063255,19.447004064235383,699.1304370876794
73.22356755883983,702.6337730855163,1.8433887039236252,615.4211594449415
42.35420360977797,237.43346837480627,24.411700311666824,600.9998344557223
36.4232659838044,512.3637775457906,28.215118586382076,774.3852605018769
82.84250399306623,104.22480280834768,19.462961584781578,347.03040216998255
82.91020552112627,384.5113276448125,28.636977865764322,576.8072308368061
88.03650867220934,487.66706862126443,4.542969431098899,524.4237279041511
92.19164973008242,652.2242595454725,14.32248568441061,582.9226454322383
56.020815897484404,950.5310525862035,18.05420201836342,928.9285682239833
55.136466521847964,600.6510665483559,17.4520994226356,736.8098754543422
81.84656610700976,743.5939161765598,12.043853372671297,664.449526971476
68.49675376999886,506.26605949520274,10.142532280987842,594.1095407224086
73.17701895319331,634.1040313763314,3.804720676512564,664.4942164403794
81.6213402492491,70.93221613377342,11.752273516868346,371.3698893086571
90.10048076358096,254.39158084184697,4.879824453164554,381.55698004294777
40.41956411663823,361.8530932051387,22.03097029476655,662.6922062176579
43.802465737594964,472.4933550065136,6.264928064837699,638.4621927282103
18.45837458567821,45.64874550238373,1.7569591585360156,460.8811380485682
62.045212689655656,140.0240975533177,16.57098413451703,403.58884620870657
13.234804641706788,276.8143077913058,17.85689198158205,749.2525371944847
51.90382163192142,971.5326909010506,26.157391838415165,965.5015897228188
58.838017123681894,331.34700710305077,17.309448372530454,587.651111996808
35.7887126915456,482.0410581120825,10.364425611703371,683.7392865436142
63.174993451210966,196.09771273839294,24.090356445789617,506.92215422277405
12.745022494514448,610.7800710757682,16.20836679562263,842.6190676039907
13.361336987429297,280.6832155159743,2.3784085389357523,564.1677966245487
84.03405045936924,206.9925784384268,16.975516809397398,504.5843168296918
42.41715772701366,516.572628445979,27.240556362649873,730.2022629025261
21.435446138669633,5.505799160420821,11.889378764946617,466.9344664735192
57.001893404932396,7.6640326492253275,8.889774056994002,364.06743026319344
79.29941977887498,219.06880910185777,4.304083710540602,431.7988355125783
29.423892474715885,36.721362500821144,4.543365658060719,453.24110209444615
66.06014282371002,108.02575413069138,12.983144530254567,383.6640973645746
17.68127184943912,338.8606493387516,17.870394724845887,743.3686335680081
14.651354905174692,802.5856795798129,2.4184621550880525,891.3611046533871
57.82191684113332,572.0486433693009,28.18705767075497,769.646908231519
58.657160944909585,512.6677259564165,22.654008523355877,715.104449995384
67.3686911348386,293.48882320812163,17.59871754850988,604.4627829595679
75.34822003503955,931.7537194328164,24.853160128169726,929.6508471032215
97.82668715162812,397.01504123719167,2.4056027043633987,396.4540123954296
56.46703134710758,87.0927667957715,14.305166331993732,494.38767080086626
39.06608256471213,617.0665161178013,18.902793805849903,797.3440250867808
81.56675752918333,113.83839347660141,24.859587183548676,451.4897345526266
34.374902613586684,345.22314280169206,23.50408680147803,636.2391726181763
49.507427863507246,507.4119387178089,8.31207749140199,641.6325002637468
17.061074320803936,874.2225246851758,28.22640508677613,1002.6753571039598
12.281566907391177,493.5465803401187,3.730375242926111,753.4222301093156
96.63835732101326,702.2587660316642,26.254008558634563,724.6167688580492
85.23821084609853,992.8168389990703,29.128207488138557,824.100233871443
72.63767854843282,131.48911989798162,5.3146056966787665,373.74350686695806
46.80576499728429,274.7315255195195,21.661981926113558,638.9142225423022
25.596488806376122,394.5760755976464,1.208565563339954,620.9410303269912
24.079333840397744,421.82817853883137,12.162684754174649,721.3614208691666
32.52186083481358,411.0210752655458,15.48849897593022,695.9224140367958
59.43039982355084,907.6110025565549,17.41935677728902,872.8608926526488
74.31363304300561,714.0326444668565,28.078117447456783,766.3265609996463
69.41776390459582,607.9052140907038,20.16752061882584,660.0394943016224
35.19405072513486,309.3727178627821,14.43833853657711,587.6499950161212
95.93787525968747,823.7903842212947,24.290251087976678,766.8133972051279
76.41072250261917,955.060511484989,28.515984628632268,891.4617590433647
59.891864726026064,821.1982825502265,0.6619844604687253,730.0781020611619
65.05486716109169,1.5651051914729042,29.47563816768116,440.27944068119655
47.764005618501095,636.401370183407,2.5839641719104103,678.6728237313297
32.29578905510417,51.13538144210072,24.43160337806284,582.2456942806962
42.03754107861354,257.60722033372184,8.410042576542375,534.6838773576915
78.20614994179321,59.524700347771685,3.9653897326161527,274.73890761253995
11.295413976678027,603.7954529493877,13.195669191415046,856.2993837679402
20.446537645622463,686.5899134926068,19.318697383428407,872.4025308106366
14.140237781957747,114.48763806590512,11.42855535070425,572.9077584065839
13.665592208707313,383.83888304497947,1.6369622484809687,707.334825330758
86.99145256099065,456.23650895554204,17.9838341897615,556.4462510230913
73.32920734420213,369.0530217609166,27.07209828332024,608.5748904580149
52.67564461785927,121.02500048519305,11.49646097841755,424.60016654215667
18.805074458590134,418.9477901874754,6.4899833289248114,678.9185047920625
54.24542876051491,751.1780478084181,13.277320377984461,797.5251208688446
52.61245937025091,71.00766453325546,1.4508813314634261,338.25964879795487
25.58816829190137,80.18001408190345,24.614627534408243,592.42399263076
49.04664843141757,354.77129183598424,24.7902243285056,657.2205544456116
45.86542609576361,941.7257116189251,17.640013902888853,922.7052707042392
65.42650882469948,668.5726467229141,10.593086668151685,722.0869971878643
67.15842857808795,678.6699566725648,23.9935009333735,767.8603527143418
14.077360879484006,361.919990837865,16.640610743651017,766.2731234494288
43.71513531638241,593.6607912085384,24.777969256500487,759.7671504698033
66.32739241428128,10.131184027743378,18.94376377749062,404.8799706750314
55.28226327220789,636.0960464095422,23.53216419638392,772.3960579617656
87.08408570694901,913.2869475762367,17.9568897965328,753.0980308372829
69.28242684570506,612.5734683448192,12.424232046469987,689.2494639303846
24.664098437328672,873.6985934663451,28.738375797784126,1076.2890795856918
16.351187266038686,723.9730554660938,16.23341474636534,893.5898574322426
67.8177350385684,120.55841640369025,18.152685556216152,462.7400635154337
12.386017948745963,902.4533072858417,6.614629182442478,949.6772999833552
62.7198023146117,66.44384435577489,18.769523682818296,417.5025935509285
94.62072172824618,533.9674725477638,17.148229484488315,514.2399101775245
61.792676008829105,142.13712379345768,5.545151938410749,392.24308906943435
44.935293358586975,11.706610730904066,1.7876129205943114,338.2267384641108
67.89593965981179,422.034260127639,18.130779591443133,649.1062713833734
51.2427601442365,295.0407076541562,22.910768080509616,604.8926229792195
59.105511038434145,486.00049379760304,15.702041127660246,633.8163395503852
94.73183278988726,577.1998867345508,6.803178759589371,565.0949535391946
44.74923740206968,43.73907230894736,19.995659300791047,453.94758736654325
96.50715074415228,123.00329512374563,2.403171798288067,260.9901331807197
91.48155777604573,558.6423964504254,13.255011144058638,573.1937486948274
27.62120213103668,343.16735317265824,4.901002751952605,644.0881536956865
16.24251707876489,729.1734875494479,5.533771531796501,858.5786015524754
19.070020123968398,652.2916485919396,6.068818474746109,806.7296105732717
11.639964308639476,845.6043629899068,11.601211711319337,948.2318791827121
18.499866468033556,692.4928266692253,1.5345061686119288,810.4264204393749
71.47060960747211,429.9310773901481,11.933803227872946,566.2723131659001
16.40697836142061,672.9666223944324,15.351223413441025,833.1193249368514
38.70780672643852,275.3811742554185,14.498828548989756,595.4436863423371
86.03877798725091,306.3134987782127,11.483523012091217,420.2473707202772
12.094474216224327,788.9851599207933,25.174398242122574,986.5136248093612
83.30216343300422,446.4195164015822,4.359800772615124,480.68283352020677
35.36692972960599,798.3803405183525,15.17090231344122,945.1253413210503
20.634834485949064,822.4223736682784,1.8612425086966289,857.4160644072239
72.70634488277355,857.5623376612838,2.1346703663372923,679.2082990261601
66.60485621018955,916.6352358412073,17.21597549031289,840.5575204212918
88.97248121743476,430.9852205132962,16.98055274663463,549.0586927066536
76.15639394234972,318.86681832113885,26.34100538533371,612.8701726447646
82.31328373463637,582.1987465941139,16.736210269802196,610.1570014439973
35.38311153141758,371.1724234376276,28.793730612145506,675.9326909645795
25.969558940175055,601.074166800233,1.460845451997893,754.4377441825103
77.55532764767725,705.5858626438246,2.9402305434222322,593.4101399190022
82.61512653405376,688.4050184921368,1.3219758471114418,589.8823456342398
99.1454627800606,374.5528870201214,5.558305510006201,409.9029681545801
47.135590922028385,166.86020169875283,16.238103328250343,521.1248411255397
43.481627721350485,430.52933846220753,19.36716544282284,702.3305469933966
79.87716646677971,142.59414408190872,1.367554738460064,317.99431786432393
40.672318622771606,890.0970351838083,28.37912669536798,956.7153176354263
93.76815930432082,345.8774607378574,25.26496129951143,517.5309483650417
87.25714766587106,154.45974722332377,8.898374464712793,364.43824166317637
48.609462463751655,25.44775990575088,2.315625906794039,381.40843733682834
77.57839610123476,645.8223862864843,5.096612196571718,628.7392390790739
77.90885866762142,636.9023174547432,3.80833241264918,629.0814300770054
19.281148195233936,340.6041665812917,3.6985133789684053,642.7302290693151
91.229761601161,71.71188884765101,15.556850659972017,353.55847862547915
55.472713520307146,409.628894895232,7.375423274802008,527.8067282583103
84.38117194969675,311.2174950633936,10.744191495874333,457.6930201369486
38.804464092755055,677.1206397350094,29.685160001529674,884.9579540369363
90.59709056465805,605.7792494526904,20.529427467760343,655.6137262082863
45.02815108607468,364.59372819754,28.46942001141004,668.7889876705824
10.975388633226853,217.8925542549901,4.276696650993468,577.6324162361225
91.48437787773373,988.0359661555918,11.464184244977078,759.6627504109722
18.21580091075202,454.00162119611485,16.641954098470627,771.6555953548949
38.73822738313734,688.2742357802371,2.3027418566621405,770.4525766717435
95.50557703457244,140.55296757836078,0.12562330883873596,272.16406601090864
95.55464322438004,485.5896996593978,20.113030013907526,583.9349396349078
61.60940993109575,27.536719869465486,19.25458550404306,428.91745193659864
66.86534909528194,505.4551179104499,12.323664299988353,610.0212598544479
50.36009697804878,964.0174071177023,14.68932228096098,898.0334971349707
36.388969452825805,384.2067129858002,12.463290017762688,667.6512391613009
39.57980908329243,38.99601257491159,0.7201513453466657,414.12667026792394
70.52666104693346,30.955790919343528,10.061148186523873,422.4784160809198
77.7137076493912,387.9867599468695,5.312467661918695,461.84785604493493
81.24211393532637,160.02493646319405,2.952725673041062,366.59280585172246
81.06563285150985,23.35209632818591,28.701613016680493,396.1111843986205
18.208549274382133,756.2136139501769,17.980791751264967,887.3065082986076
54.49782742323233,458.5230088818907,21.85968852709808,674.7404506956897
15.180288401497986,289.2447719726545,9.460912297983525,650.5066566539621
59.4575994091362,900.0831830164807,11.794413884820456,918.1860693567369
49.73774512360393,116.13896020052562,7.107719816901704,438.87046934346347
89.89337644824698,955.9188289553192,2.9089701289627423,688.9187738931918
41.58235112968708,313.96671737735284,5.370949123247514,567.2813724406843
20.536031478484528,888.4036723086813,23.925421358894575,939.9816473869688
22.869251384755227,602.9428764794616,20.326374155513275,831.7368513849036
78.5359568545725,826.7073597414875,16.407866279564306,760.2658991737027
65.6396256984635,984.0131632104643,14.252696186003043,890.1891969282132
19.101040851051124,288.4054378187457,27.673028509683732,754.4734063874735
17.569612550349767,961.135485407593,2.182048433360052,923.662058652316
73.08722183132079,389.4818949024204,8.41802439713748,513.0509835040372
16.548670572777418,385.5119047369223,10.498135607121421,672.6169937674158
83.96740533613206,340.3871042545057,23.472774366383636,501.81333130654406
73.56180044408467,541.4076073475852,29.77543860485914,708.1924387472534
17.32139025777098,154.1450431784871,7.220115442714592,523.0013615716056
17.635394267667273,553.7114853580111,26.22922002411242,842.65685297941
98.7975620651058,541.704812410004,24.91868281295374,569.1979152774761
43.68437161805083,761.90181260487,6.739721929252998,800.0868966832553
43.357793236020186,833.6499619375855,11.979977405976678,900.6943912686104
83.15196105317523,440.44135031242405,12.290186078775573,493.1680829064643
95.25237196454728,302.33324935149375,29.34662005579675,456.5520545741616
98.74009574405838,259.3348973170945,5.426757041366949,356.83434007270483
77.80403667330475,194.62383670487193,23.974739133143462,484.24443787697174
43.86336269778242,57.64758219902488,10.025781425193298,453.92238933485055
17.51506450288019,342.44797883471335,21.92611037328481,714.9197323181098
79.94322243346932,270.24769213078326,12.600330128869885,452.2766504445702
60.256382476222456,966.4173858664074,17.3507928934962,900.2188222882355
48.17998083222786,557.7088262500439,24.978353199783932,790.4191634066032
91.57189465852623,347.2770390305075,24.124966949516523,460.8962071777092
20.00777340755362,580.467600993696,25.992695506191005,849.1057746341984
54.336259386177325,139.19670134569552,1.7885197603397707,421.94643513424654
11.021828029067716,444.0437492022029,20.761516591192343,765.224690331538
52.17945777947136,626.2343214210638,4.199621301652886,729.5119828334012
15.067294811365361,488.89783179245137,12.47455704055233,742.5575202580292
20.693612464126474,401.77880065432424,16.457652451640655,719.8580445827675
20.577362209939437,993.8483888996982,12.082184542404923,1012.283693437324
68.42892719044572,880.314762148927,15.588350274090224,795.0738072095207
77.1440391338881,623.4059581594402,29.895789263958573,674.3526165637161
62.503188858744366,569.3773611822828,4.056519411385642,604.6020752643404
96.59552936270877,620.6604798245841,20.263681360092768,652.7452753024407
43.73835215713336,201.31210782243326,11.880028991568457,518.7342885941047
35.714087765367466,395.1377432643186,3.9902939672198636,584.9850491283869
88.17392153705143,39.45953289089932,4.7621029012292855,306.78868262552345
30.123625466750738,475.54603748682666,28.478193187368507,779.8698613993121
96.69002854965501,543.0245839576631,26.38804490135286,598.0776064271244
11.09390272208347,227.74973610320959,27.211258812450655,721.133136637507
97.28909440368751,964.0288471655138,29.745983274821597,861.9995630343659
13.884392075551851,909.454610937242,6.249461700255539,1015.7728436952195
90.2028802328264,722.1432354559058,10.663180120921853,668.5959608638057
57.49309981776699,533.3866287653626,20.076570897746002,729.3920684097606
99.36683165073703,869.9691596476849,14.514076195819417,694.2754798810928
16.641690826185897,130.6523438234629,12.551686001350005,547.3834862608395
59.846885596118874,790.5097942748849,10.734337480067792,771.2558682379986
97.2372282057189,124.8208139668483,17.813418958303565,362.9809146155731
57.078805975313394,794.2106625494055,17.26780285920246,779.852545403837
66.64587743217362,275.767568251357,4.843735021927202,456.9059910416733
72.61738200861555,877.0905810181889,14.152195125553172,803.4336481625876
50.90869582909959,944.0420938253978,16.604153286295496,913.1275277074201
66.48022720756572,148.79596940511564,17.108608161941714,475.62897949109737
62.58828807307902,462.67560506539354,6.303215787370554,583.8179591544357
91.10422094418901,980.9873781626851,22.268141767568604,813.311475308517
14.090174230731208,483.4074359731466,0.755972844632089,687.7960407180749
35.28668706330073,863.5475225145451,10.64495566629488,843.1699364590286
95.53703356689029,588.7315221313198,23.406379456069008,678.3298088208869
90.12374055018248,375.32990791960185,16.91678763166207,502.2811814061426
51.009107750714165,285.7835555258702,7.8348729753258075,522.2932277135761
65.8119338021383,203.22309108608727,20.848593580291432,480.55494959451215
34.96430646830194,761.7981913776972,17.0217283246822,949.1845549771871
26.930904375138518,386.5405068230279,23.887308283691617,699.7142407378695
51.7328564445984,511.2754622007512,22.050755585694702,697.8275019268716
41.80170052234475,492.3254800011819,18.30323766108704,724.7489318275738
62.529050066578485,577.2790292331313,14.645330259324421,692.2854046857806
16.996117326848633,865.5771456245523,3.9954637700257023,930.5155013383293
97.69553268995499,980.7393435834294,7.839990536561513,790.7112816377352
98.75896700316426,407.58420857381697,12.572984187512558,485.56485387879985
72.83455426177707,827.5189221063031,17.97897861019166,753.4697673197786
58.24867297097084,764.5277946547177,15.411235656459144,776.8657029430886
37.8574854657695,573.5289514555733,8.645535778785884,725.6546693998242
83.24155177362537,956.047143611933,0.19393073369131653,791.3153513987215
71.62580552984913,200.47451552840278,14.887176657024417,417.8615601070471
24.63552454104022,109.26421030962142,8.568779656867292,559.6467249727833
91.98344660444582,853.9619669554221,22.03824902131605,766.6193198573465
84.0283518630852,439.1498166337483,0.7183879581145047,496.2167085750755
95.48199219627317,846.9688542070604,17.544834339173725,721.7027807115014
75.3147557549524,893.0902051954149,28.24422712518196,836.5489920549703
65.20736763422109,62.45759361907144,5.2322780133449855,384.2942673556374
47.6418732661557,883.4647629860607,14.149484722517862,889.1871161203211
93.94556350186119,448.3190553694222,2.742659754514145,485.19784492388993
87.94575005503675,510.4324890042322,18.770457367840578,584.8321421148496
14.069680309557047,626.5925110932102,16.515950417886767,835.6723060077725
12.37302770475268,926.3826067300868,12.22096572638497,940.4134390319949
43.881703019024464,19.11609442976403,15.641310644212236,480.70068942305204
82.94979977036496,476.8434683178171,26.897239754070306,636.7752180914847
98.854851638345,687.7220424305607,5.888829069332012,547.7671326609867
23.537520199317537,722.7069576982285,0.676935351160417,777.968384808065
63.47176438169216,692.532431537108,25.84994654097303,771.0978909697996
44.28017709679194,134.43512940812187,17.313512471637196,476.45506281239864
97.29229580331429,299.39558837168124,26.719753663855272,466.8892031970201
85.79070308221378,358.71552541701345,17.908356702395178,477.5125262696506
85.44958342400241,804.437207679505,24.304832698791074,755.0196467050625
52.18238438154732,278.759872414553,12.890200900654438,525.1228626160198
47.33375521038987,210.70496386720316,22.495797938648064,527.0200583696699
34.60663647376356,957.4480190380962,27.39124400669568,1072.5380270483204
15.073794698583441,8.8632851134689,17.16368891166619,582.6049249501921
87.82501386295479,997.8208556819782,5.423554516871386,739.1825761908821
83.16109082170698,676.8212988573956,8.063928450905944,637.4196611177149
99.97459059575175,828.4692994491171,5.959337306922174,656.6315171665531
99.69731533665149,294.6193963461932,7.405710827871987,420.9788819457064
59.988853504236474,14.315277667059977,9.19246348053109,348.59524492367365
79.20886736624594,737.8695185615301,16.654013602595654,747.3414287144783
95.02891568941853,834.1445970006757,17.639748883914983,703.7471367254492
86.46826516096704,740.4761319535191,12.794992417255834,634.7323604550793
32.26132915688779,142.8502873008386,18.462623394625062,588.6783699323163
50.54897217790842,753.427922256969,2.4472477683409775,776.026036160137
21.62434736363455,768.922782107641,2.633647111744799,910.3938537275613
95.86459245328501,658.5405156700549,5.154883810729753,531.4591415761148
64.5557171005792,766.1159327955862,15.542324941210342,788.0700303545309
30.577852495311646,845.9214396777321,6.419840360949407,851.0323268438722
70.4530615965271,613.6041142374585,8.49853210477732,661.4362941687555
65.63154164121062,88.60471396967907,12.009385085189821,363.33997095021925
42.23464462295564,487.62780966721084,24.355983720311396,701.0067962953386
20.220183297966614,77.64933467160506,0.41586407738580355,456.9671931338372
70.44158760335196,407.54303103243086,19.481364607098673,592.2224971116956
56.827693081341394,407.10648912562766,20.06629593122056,614.1692069787418
79.50865525620753,66.00984414024158,23.959673410699097,434.0489536723963
56.814715100079404,348.8205339694793,27.982588171809397,674.6859010912859
86.69633502866861,110.99809879131483,0.6041354684786948,316.4180478894057
59.6716154897037,808.2352100092222,4.613511165396486,796.7339435523086
60.484417438184764,947.6880259644707,26.58513882167979,937.7912536597403
88.89882423925106,72.3164752579386,13.755556865610462,301.7326479290634
46.31345795911573,955.1152072917014,16.937719168003905,964.2071210146732
22.061370560557666,522.5765993367452,19.89081611169442,776.4035814769918
12.590440868200508,299.5656779538739,20.37199813486912,741.184062037248
77.9623530106257,76.86207527616351,27.952212099495245,491.5170656003341
65.82785962181183,500.6242680704178,29.908482522350088,716.0716081034359
73.36717912893012,794.5155444907487,21.604723827928208,740.2950896032855
29.166774535801967,707.0864772666981,8.616636276154525,781.579731411422
22.27343280280928,50.22601146397376,26.392572068830308,629.9379016742646
11.309019910109374,72.90183536790352,1.4766274362228482,504.8333145654534
41.55288029259373,402.8732826326371,6.932425586234886,613.8273344179767
63.09259181691698,295.2904940479433,26.921571523911446,615.7400616776863
45.30196405897591,232.38432305604783,7.6857454331806485,539.6046823794092
49.37274298213561,281.0044989087136,6.619531788652454,533.8456738227761
91.37428250443736,803.4827432968847,4.143758794207417,642.0772669695533
41.34299203209703,929.2280536318539,25.773352729407495,960.0717609947026
56.25905402438297,405.1026945275664,15.001747775732602,634.5198888280377
80.52877114670288,906.1110021324971,20.246796091624645,829.310254016297
45.68885040891431,321.495701247882,7.17199152225089,551.8222569899187
65.98780302050861,476.4369863437916,22.741212630336495,686.4245166518467
87.61273378720706,226.02899781599973,22.800166348862955,460.3061058368
95.45685612918778,640.476042175844,9.377940747249005,555.2072912065719
23.236613283613416,978.9811151748089,12.320478990308485,958.6139917210063
93.3928862645345,603.4930960433786,6.290708322906026,523.6592057533228
54.29046637715844,357.81408411354886,29.296830699687128,654.3474959256241
33.24199494690625,647.8174459905284,19.368077311752348,858.034853063393
51.322218061443515,122.92067846538757,28.036316421465465,523.5224117247753
98.20293177569293,888.6590802653986,9.101566308873995,700.8828491805336
54.33562845935826,503.08395077983636,23.456727389906693,686.1180465925545
39.587644925875736,449.3497420396421,22.97575931654226,712.9814615867621
67.00607688850532,585.8647884535192,20.749669555996245,650.3612749816673
31.613105690037376,624.7838627894024,28.969169258004012,855.782313739913
16.827699529779753,71.77580622651303,11.806660083189467,538.6269435457158
21.59917497195843,682.6172212234025,3.9215197076927186,812.3273225553604
21.524125506199518,241.93168031552958,20.15126577732182,663.8482199234365
23.67124241610649,713.9526325065898,21.879294014316184,859.4072953279949
22.49444553844691,822.5347943841967,17.25181720376444,962.5690939168861
67.67872703228932,803.9585075525202,6.204536794001888,736.2748478560615
26.369207595923033,552.5009674078891,15.133678250080662,778.7630576819033
41.11005549914769,520.1698923107512,9.365692097073882,683.3077695417477
90.71095689154106,142.87596133941173,12.823995845000672,347.89236580341947
52.65654762365851,775.3461504031355,19.356557275339917,833.0202888997536
70.08019646689245,271.40938044671435,22.356442280725037,551.5139653041625
25.508788408146685,496.69542281794656,6.9667407270402935,654.248179079368
27.30601169278037,284.27409292751673,12.1597608194086,604.8549903620774
13.678175463983099,133.82836299969313,8.074847129748875,558.605481644534
25.204155676494807,629.5576968917366,5.9589484158560735,776.6462416664925
35.073130512876276,54.33203482290383,23.501616599875153,575.2540390500126
25.93094358490721,748.6452341262,27.277580833109774,909.7654660360238
17.983228038135003,317.58679526111666,11.106965570537302,645.4396859643045
20.857228399054073,0.13469300448532007,22.538367731213008,534.811476641749
51.47008912294532,511.1291392372298,26.90985868093233,711.6577679513043
28.570034656521326,46.85190852760313,25.383726315906948,554.2188870204044
42.78428749432679,276.16955782089946,5.484401656176777,560.2779913079925
55.30755437693712,706.9764874557162,28.688756445400838,799.3942979631205
72.13553457664287,62.68962162186587,11.300293212883874,384.27410500001076
13.538092585698905,839.3384923560023,10.17721983521509,878.8840006964299
81.94693590181384,3.819922658583108,1.87293981833341,248.59371282225086
66.51103505418169,246.82386920190226,14.58520962314649,486.9201985475989
17.35831287539847,740.9040561520715,3.270408469227861,884.9749219834015
88.62207616960995,316.2701497293068,7.4561946278227795,421.30575035235677
92.87851604786319,101.89238806601352,9.508278653018442,253.81473495098183
15.497016386937737,360.2339188004279,24.26478970475052,694.9831915573159
34.918988333248336,270.39328638452554,26.264659511876896,662.7838633423027
82.55811518137551,842.7119021605549,9.07398952384409,737.4646788290687
77.34337213452925,313.34791758514314,25.760943637337217,564.7122363044875
26.60689174207396,788.9324717760072,25.71692812109373,948.25730444128
28.841439100303926,891.8721448107348,22.939528511546207,1008.9771855873565
43.34248925122438,433.8174195765295,4.400853420455446,592.697772514755
53.60706866719192,909.943143854392,20.70968540702187,924.5461096415344
65.64292943772664,377.3180539631928,28.350721937417063,584.5234018047092
43.202227561279514,964.0784164901082,20.476214363014712,927.6651623881472
51.62812445198331,89.28952452557293,9.948505473235018,385.29167442505707
77.2723844320381,687.0192665032428,15.017379522924939,678.534018550038
13.30148826015381,493.8140404569287,19.37175130053161,802.4734754326706
32.719324990961866,387.64880545564705,15.317112261855106,675.6750338310089
74.20146272960972,632.711878748601,3.598588251929095,613.6009930317308
90.56861539184794,703.8570916343311,9.36192133956062,599.2057064150731
56.05096979040995,4.363269650309087,24.071880916608976,448.6809047045731
57.89021367387841,166.9530887471987,25.842541382865523,494.0952102081193
19.645481020579844,713.0460506343187,4.1190009814671065,859.0784564167229
50.26711301411092,666.3854135782065,28.571602571961737,816.1405984196391
57.935553980952086,966.0475051286772,9.86467853545828,843.873899727463
31.82234532712567,761.037790250783,19.8694121619216,932.0671298069451
34.231890785444286,950.7727077313381,22.554754378700434,948.1970573963614
43.95557467941604,702.5405015348069,24.358387039136502,807.4278485038789
11.806407799995373,298.05220863944317,28.372491066777904,722.582726507568
38.987124902486045,105.36492225085648,9.387586440864679,480.62287717130897
29.03032062968902,781.8238633449356,25.755193636546636,945.5458868552619
39.47476169601232,644.149221475916,3.9506071030862113,745.593625208887
20.778591863732608,48.18601239329623,21.15122719060778,644.6732260833382
90.14745526659054,360.05046590097834,22.259331885419577,453.39655295179256
63.42332081986438,956.7998154842861,20.331697236039613,908.0504991364805
71.11920872300406,500.4011457102012,7.5694420840545895,557.9762399291944
81.02541147466044,432.72913601970464,26.191294410456102,586.6523511714884
54.85979790361515,457.699605159294,5.06575390111185,571.0060145267444
17.82282592786813,208.8827240051637,1.6090437456249251,531.7550128228629
58.3395887636693,368.7071708647952,21.523949718357365,667.4903127712801
62.815700621879124,369.8132559871766,14.26427145698201,593.049803223278
77.0895526765897,52.3550201874724,25.47294059876028,422.9694344144898
48.84935916067114,767.5676285179183,11.501914231747769,835.2757805102946
21.48222725160074,416.504431903879,5.048357655231385,623.6714535143279
35.539831521885205,822.1798868164233,25.093265774096093,890.0156237731087
42.67740667587716,850.3480011198953,16.46728894920215,814.1391933124864
68.13255171984412,211.99405469865806,5.675873771710647,408.99630484465126
61.37004742020207,657.3534821701286,21.611519957593373,757.4751544135676
42.048705330806165,472.2818041629817,15.333409154685016,689.7475892004675
98.78637239136818,880.156737921485,18.129389467209595,738.8464564544824
64.51973374211985,215.7406791764541,13.826950146197456,441.1141841608723
31.350411256239504,677.8132003100442,24.86126951454019,893.2563562374252
19.160422535836336,607.7521222527225,24.886881470491495,878.0180264184796
23.75732252658988,295.3014775718328,21.281664654731586,704.7787229237847
32.136195554605735,136.60090365117262,3.1620413218938683,430.91920644353684
24.46132359336001,651.6397604772766,25.165615857122067,887.6087145081021
26.79103216461752,738.5974581323306,20.130389415987295,853.9446224547233
35.65856518244624,315.62734376335,20.910724980128986,643.4719036584403
25.603623576527934,644.8326040223138,10.88948521211615,816.0838043012453
90.70888821637827,395.1309076115033,26.3783866847102,560.0635307678452
17.2210371095478,713.2068832826177,21.761148007045723,888.1998709545145
57.20602506132292,199.2152748940531,3.377713995875834,445.0663269279695
46.935714429069535,890.2150026361744,12.23334103218488,819.5210037344938
98.41407552177458,287.40959646557974,26.591410858804252,515.9276478384363
20.08350119512471,367.7859877561529,1.4159010509213699,624.5634749624215
45.80700391411675,58.091952080349785,28.842498589261485,569.3939555717919
97.2523389947832,111.5122123212764,20.374877049586885,350.0775238113417
87.89564133045822,515.8619027123282,18.9412793293013,573.2431443590984
83.5364863854352,267.5926767279715,8.116777694639742,400.84516408174346
33.211254434044584,835.4802257421944,7.463753662175312,881.7103358306322
25.379882865105923,14.693388654953843,28.261746584657864,551.2328439355941
70.17788979319879,379.0940486719362,8.948173627023682,543.0920860639454
93.64383902148272,337.34554676909266,23.265158901569983,492.5934788978693
60.10866037125368,19.327630917601034,11.793653946212375,329.02720507935277
61.44514205229099,124.36839900051022,4.177622123541119,381.6274619274937
35.19811842942558,413.6426749186353,0.3214589308607685,567.4610303944592
79.25436398727432,492.86458444744665,16.327720110457523,591.3248825246582
26.833937370177104,404.2897472548691,29.273364556467982,732.2976522290085
39.131131276381936,530.9376784120939,11.074085814276135,731.2251274697203
48.28927947547751,595.1316749056815,10.715770019791345,703.5445733147742
55.68493408160095,9.92382112783563,10.322748535483262,384.19297115376907
31.816875917357223,464.09515945350387,15.616315119145753,734.3552917040364
20.335314226528318,963.4992408875884,13.219946502728806,1015.7606183001292
64.95580381974693,519.0322801295487,26.397438801810434,696.032960061496
35.97674979162302,677.5422674589532,15.16562375170471,783.5329941266524
62.31143992803511,311.8638579168832,15.232735145657063,491.9421964192577
23.892644374678206,773.9913781527625,4.151147841616698,815.4920024493748
53.30260916693357,772.9214818761151,29.48218622731158,855.4474771743759
57.93304892964273,521.296047654139,7.49918672606489,627.5565342582347
14.664118314018422,976.0138232792136,2.20092202378808,944.6647603823511
40.294385037452855,125.55021476265338,19.894387469256262,562.0018787767922
22.09732092450768,16.94766488958099,17.86099110470618,513.0973270566777
15.703747342549097,770.158211757096,12.454369619782371,898.5284769442243
99.09642091509507,807.1555373648825,12.665767016420341,705.1369643151644
39.01184604772507,120.20722912057624,23.551917631392936,571.0824209927265
82.88870012691714,265.58283295860605,5.871379202989472,411.68108586284205
32.917658928738746,17.55236336662891,24.607599568346693,515.0028694807764
71.33524500015363,293.3086107805647,19.462413416850545,510.96369557262483
78.42050739007179,773.1418739186715,12.569093213385731,688.6364832674907
63.60748665470599,517.9605277125789,13.740858497516058,620.6318904062649
52.441856969514255,348.0955931682881,7.699416215582874,577.8892819158451
47.06568227325417,371.7392949063303,22.563429980909245,650.8331023991808
41.39814398886958,1.3536257154681541,15.386242269158032,412.9204001554786
93.65762298230433,299.8005275652359,9.625636282495307,470.100655039975
84.75574670089563,646.4587416379305,17.881503472828506,667.9686038147759
96.85242195998613,974.1944438163571,29.87203356153969,803.6918218205235
21.186750113699027,847.0608269838995,13.057868389696615,912.004037282111
75.77807276832799,23.594964645529124,27.620742023358588,425.8935656194261
94.45064111389341,898.5606046748393,10.350505197736982,768.8186677833457
26.310975954909413,783.198413298626,1.6419812077495766,787.6328110755666
15.984664063009975,780.3761235709804,6.127263191052866,902.1516071324031
76.70085843610532,457.9957590035715,12.560854299830526,603.6841685017927
61.70258018619207,398.0052929545028,6.589047857837071,527.9805160556235
85.76458990824449,302.91572883319265,0.006811146547666125,385.8727418587942
22.579513896366056,65.69485895436577,27.45004613242582,571.2698410290008
81.57405806739011,228.2353634936991,25.31638233692787,489.8735849969094
28.14645880429701,246.60363497802462,22.268766944608412,649.1085765688754
24.729034857913405,484.0770697102016,5.034437869380859,712.8131195707359
24.783921813789362,747.444406596694,3.6109072862995815,850.1304784190902
83.3117248208244,473.8098283979466,2.028142484171495,474.6675702187082
69.867749862658,57.844449447160606,21.720875663187638,368.90360152476467
57.07588822922074,957.7898009882039,27.864238820636558,946.3510865313352
42.29474357111523,942.7243190941123,12.91607462739111,917.8644278697252
88.94804867317974,785.1895431484083,3.574220159881445,651.1042569846235
45.32005966803718,991.3279015642206,15.371784621963197,926.7624974625435
83.49394955244193,544.482332800263,10.464957223758905,577.8266668515182
49.52214177131966,962.7683502532061,11.244747730499931,934.504832715711
43.92499864824168,75.60504061675077,18.63991872467122,510.6791430558817
51.64118071026458,365.6807482613713,21.56154339786607,624.5234962391297
37.12400867477279,225.38126800676582,3.3181079661948254,502.9032132971588
77.2848442158626,195.83308413427002,1.0677069241942916,366.30497331018677
55.24483510832312,140.80294889267608,29.829909080571447,602.9187133791451
30.89914256321356,622.4136415659966,6.981850467466555,747.9196241449044
90.96171159471116,781.3218557473051,1.6149157472537723,625.2565414901668
44.55020992358903,578.2983994203606,5.696259872877599,669.5104621757122
58.919757500258974,146.96270958820966,1.1687353904539266,435.5352599688565
91.58248998680922,811.123769933471,11.75432683851515,748.381166841224
66.18141963225929,635.9547071637285,24.072053533539727,753.3117538357267
20.520823663752765,388.16570612699553,10.237333492731619,686.1902366494603
94.58489112521276,674.1302955360629,13.325502206350997,621.0414704193752
66.4937247764276,259.90497924283284,20.267603207023164,460.28012766367704
40.14150531913775,345.1922084942105,15.266822102096405,650.8602247287184
22.53448653970485,917.4858431319902,25.843370580639725,1024.3813073299546
81.46226703432664,290.50450567142036,25.981070251372696,543.6210645094154
65.80654803356622,469.9882681579366,0.2973208647346093,517.7172284794316
58.01149827786894,890.1411373960146,23.341389194495974,876.2093134675677
90.45033247458619,707.7213502675274,13.822008007250217,639.2889696511611
80.97374901020777,62.203226164702755,29.665216239109892,467.15513676946864
23.650739175947606,147.30304427897033,14.496962276263055,563.8213208948648
38.05498610159934,7.841590771916818,29.606878361648924,600.2700385526989
32.36402258330192,630.9217902291634,22.637080836172096,844.4801041159876
76.95516633154092,447.6734254104183,7.458146538399189,491.9914666027104
13.017919126220145,134.27485090227555,16.15184937860873,604.9865261679623
61.29007163841849,957.9341210567704,29.76406918435748,924.3669378702247
78.62128171666215,529.6597239456199,25.72591823255771,591.7641338910114
88.90890730855745,241.89329411288918,2.921006813736633,416.80908740286907
40.78735738443167,500.60357115470754,21.191159904299884,754.9897892121583
83.91315742048116,679.6203327351078,10.367387576124392,655.9038515237118
19.95685632596865,76.23921797356448,0.20946785641044352,484.2584890999196
86.18070625610663,274.70381504789196,12.104429070809989,397.8714070489029
21.47397960987842,806.9654908839937,7.042632651749139,859.7654556844442
45.755856150433054,459.6648704026612,24.566078115614147,740.6486805716225
81.75658292015983,546.5771420322949,10.119918265372965,547.0818126890576
23.492568461389638,432.8160022094693,24.825710818614514,694.1057703261139
30.632625570937734,43.89994264300512,0.017938165043859255,423.3286052004809
75.00273115537597,165.74977982015594,9.234574500783575,399.78684232704177
74.80328828914669,445.5416387418909,7.2349564292328585,538.6026391421109
67.70328695967676,209.1854654079278,7.00702083205833,458.3735352906614
72.455360002039,49.97902865967874,2.0455985929638807,336.97960165547806
58.84519990128366,843.6496640518237,5.6137281123150515,781.1209670409538
32.66191530162575,981.1925291641159,16.666487096568595,1011.8088958026249
41.112639415352746,793.1428739967395,8.740832185132334,771.3685862535738
26.34379451212831,853.784921704667,12.521843469874439,925.6077490996425
91.76055052002656,241.97713031704538,11.306006410415655,421.0330965506296
62.50526152895084,960.6269755131998,26.27714774999684,886.9965733373243
46.07662750872759,196.92570445342838,27.158969970315464,550.941701291637
51.58052232797194,951.4298103618323,14.788709149675801,872.5386201511113
95.25550056506339,994.819293965951,9.904678509468132,741.3202945596672
23.801626280447216,711.7228057460487,3.204021120070909,823.0792135371101
62.76068488151175,981.1437317918219,28.60208638146285,926.864079647957
55.52998109960194,569.5397795671037,1.8068083470089236,601.5235326713546
65.0308811891183,259.54178317609035,8.929508327048413,460.97677755509557
11.629916543875646,436.99588566562085,8.941986035100125,761.8770934013104
88.49115180497364,593.560935378786,9.612038584206447,579.7585064268129
93.89064542352511,73.081562027015,4.928605298172278,274.13434047308624
60.861986523028804,622.3432646172461,23.494842927710916,742.7597224170597
72.6985741489203,981.1778367622945,3.6749358589796763,829.6296852590805
93.02494430595661,190.10764978372762,19.047199774594883,388.7398390488712
73.65147708820587,792.5951162883833,3.7153808011745237,733.3852796136499
23.72851386228352,907.8987937796194,2.1160691277886965,899.6590899095478
61.86595241501318,943.7015928202209,27.282885110576295,917.8547832586919
64.60435417445703,960.1356044054472,5.70386298956117,889.8010695651867
48.17176041721474,521.459638721472,24.637504636791128,707.7328765990895
76.27998120622506,977.3079079915037,16.338926133214073,830.8980682561369
94.09303132921134,757.3102071344389,2.3356955882630883,571.0815503459808
93.30116616160987,161.6714362369619,28.663445743142024,472.8233074654466
50.57554342637189,476.90010646797,7.408835009756776,674.4432660132037
20.19142412566797,718.3311753720039,25.789360360578193,977.6358005540282
98.63570790661011,247.34031581908334,5.0643001735369255,389.8029976517761
85.50082778013407,640.6151835488873,25.618286464255586,685.9679267214403
21.219641308294015,666.6004790466193,0.39686438715881955,760.6684082095263
92.87576943556351,162.6997438085659,15.35341369708442,329.3545389081925
88.29067258559155,565.0853124527563,23.083277382646703,694.1632314382908
56.69542514134649,771.6269109786077,28.0438655247835,870.015850033636
63.21478921704363,498.89566453594193,27.276064086194612,681.4250779017286
45.910243348311724,12.103116776107425,24.588746086429346,531.1062654448743
14.928547493982819,9.038469079292177,26.645740489839124,563.7793590040933
40.16775174813108,357.0293439700122,5.976590575112295,600.0930306428546
82.25681037382103,926.194068431782,8.525528871351863,753.7753734224622
10.416882070414257,228.67677960360876,8.669055747631756,645.5933365251293
40.014925452202974,634.3636888716871,11.311617930050964,751.7879515539059
45.8351824231849,222.07587069332058,11.799620111555662,489.0026519015472
58.36560426441306,321.6699896595486,16.336659739640265,569.6887719148375
92.78700547714844,848.042089601484,4.796392900993242,701.1079171305238
41.17113949293651,728.8614422699469,20.73739991357968,843.7278100484427
41.22578817066049,95.39927731321063,5.026996179135194,472.41070868797243
76.37511232987735,428.70202098643364,9.309254463136426,500.40606124904525
50.69961468008265,29.169763645264467,15.100353918184622,437.1999835752118
30.214434064598375,480.890146603009,23.89321684570432,750.5325416835736
50.7195564519424,662.4340117010681,22.184076997161817,812.3881466836572
22.677131834181985,118.50262359815156,19.366030692315668,588.994816625968
25.874828785560098,288.88493890916567,4.6731978174051045,610.8861824750264
54.853099546553175,397.83662550215695,16.41136036846733,649.0471287384916
47.70329045540931,919.5310246560498,2.623395053996563,850.5211734854215
92.33613109612901,993.255015422964,11.320895303899523,784.417143971402
42.61545092049698,44.91129899561586,12.405495908698775,426.6904085244687
62.25295152502391,761.007923495392,1.1943431833726148,699.6332397694804
66.90378591275774,371.7240664023432,8.219642984099155,510.25617832291914
11.178501092950027,392.45818622948,28.66948401799468,795.7190912247365
69.71836348150396,754.2649733470226,28.608978234890685,799.7862628809453
26.02323701827763,918.4264321454086,10.569811627576179,904.5947959122849
96.49632857225096,950.9285945025484,1.2930032684497217,633.7201702027503
23.379645497780167,577.1225860383208,5.372848179845446,725.242305975214
47.316171135432135,357.1211593005028,11.766533803006205,601.2461188167108
17.681470127077947,787.5490858587792,28.433390939076894,942.4517758807156
99.71868266613527,251.00138326230027,4.235971906115548,347.99497025747075
55.19755092981183,564.0740288335178,22.905475310046366,787.9797909068841
63.58465155880394,358.57846152487315,3.2604761812407625,535.5293536497958
16.036882964958473,656.6310737078761,29.437727321738304,976.6997698413701
77.496442335926,240.3989128935069,11.44849497327405,456.6864406133275
28.891503378602717,191.59294573482578,23.25703616697168,660.4324382560566
90.82488604966424,918.2390866754371,10.277732484333955,716.3146056963619
28.462567643380645,101.8036829495369,18.83006631476426,540.3342621077883
27.16189485972999,505.95790773493167,5.7604825422011015,618.1214758151573
13.28947010632854,220.8527829630089,4.380630578908876,628.0454982783322
52.48602505989993,38.92996332566745,28.141924187043937,548.9262468129502
60.83570199363548,36.01881829142639,27.529418337133002,456.5540774900537
15.913777548551714,175.22177210582734,26.62406820638647,665.3713432472739
79.79748550255096,866.7703545060002,18.763003504997805,765.1918748596074
50.795995127322485,282.4787439770267,24.248046336488347,621.5712248333124
57.195124239482205,950.4591705752957,2.0711081073412476,847.7477294650048
49.668647224440534,581.6222929891935,10.043671256720375,639.7404018884457
46.06867547877934,436.6141897687661,9.411093742714687,639.439693080886
60.36762981773961,580.0888346694546,19.0693596585784,695.9881730228261
23.971622133764125,516.6983852262678,10.678733204119215,743.2298239914381
26.3735317445744,758.7762537573252,4.4552034493104244,836.3133689417203
87.56070589121656,282.49606597285225,17.89401226240631,462.3899034616234
95.15039159202695,353.05039160030236,24.431517620072444,510.12400352225916
43.597838465177766,894.0943025332507,11.463704833799195,867.1559050134488
34.367020582919835,946.4565131504055,3.9680614529544513,919.0769881448639
67.95995889151142,892.5582274864745,5.900645919384692,784.4652654694513
46.78607539882868,419.4479939573136,7.124499155081519,611.6057726896993
12.284772009431038,780.3655030068817,8.996927789836086,860.1845227915596
24.053733762957133,476.3357333010988,19.283852115189273,751.0685336412297
74.43750059626578,497.5398521461022,18.02836453613157,642.5593217750868
69.30315477191363,204.68010905728394,20.882395847011175,499.9734666416747
12.438639325313513,591.1303032585165,10.875059535945395,832.4104754207189
29.97749457396545,186.13589775334793,24.71992955639935,679.7304669466034
30.796731692926425,331.56469906719377,6.122629834672808,635.1634857044462
70.47034692388556,855.0302016199352,14.071222425544619,789.2549222970264
11.773948397892774,207.07580921085523,24.02816164624291,673.027192537092
19.369772378611646,71.15828517343282,5.404759431978578,427.8871347290974
81.99244768358705,69.00759261281631,3.2958934122234886,299.95437264257885
26.069019584890025,940.784520503108,26.510519030639692,1014.9574217755769
68.74714970666872,506.92043796183464,10.287889882775877,610.3692051066519
31.436450294205386,409.41207181701833,20.51610374727096,708.3600469530072
18.949725348341065,810.8785810079185,0.7604581279181544,842.780853315423
31.88549718995087,835.825927910516,20.701406652283488,872.3815377316063
75.00402386700932,332.1910331156046,9.483039346409116,460.2996068143179
87.01268212956572,693.6180574737953,1.6722256076232522,608.4316416103335
84.71978781102925,771.1228158518866,18.29438284644351,774.3511876590541
45.74651766566093,654.6506868659545,7.224114482195198,723.2806013346018
70.12766229135815,151.59507480009938,11.6042172615564,433.269969040981
28.448586587423886,875.883083517057,2.417424368595408,893.257248547818
36.383295723491194,539.0945527360087,4.41489753284836,658.1450587757652
90.67022366690078,282.4724263700037,8.939317064875313,424.92654880723927
11.170173115966243,425.2281854376939,2.692785016804714,670.352795265007
17.695767776902127,37.57109039890738,27.324787940589456,628.2669147264248
28.70976296314246,127.86680122241756,0.18141129551935253,483.25325963793017
12.387898348643773,765.5467505158608,14.515806565929342,927.1422674610891
26.329189158081757,0.011634755366141114,3.697423743976543,416.0274107007628
62.473740487272295,416.5658284822922,9.230372684338455,588.2245269893449
47.92820955332481,522.5101810855884,27.781786794547966,818.92078349249
90.34045399692774,54.6344200009723,4.8508365982196056,250.31268013795483
83.56992055645968,973.0781629723328,28.97496959154998,870.5113975451115
40.76356165280884,226.12533124967194,6.173831309682651,528.5893614398655
33.34810900881632,304.1987196362809,22.24698325400489,686.8821354215904
44.17231673505402,303.94251225502734,16.40031794691935,584.6695070982644
63.1265448263327,230.41666211734992,26.534361827902774,473.5095970149084
34.125727674058865,1.473822086311416,16.619797665093927,522.2344011713695
66.17340170642206,729.3447940879963,16.03677657468926,769.1512583857026
46.84704869721164,966.8454997992853,5.863740011051997,819.9118779486678
59.68424627667822,224.29348328504506,4.9868808615497615,439.80134336684995
49.2513876221785,663.0471918034224,27.494674533465428,868.2882785883227
36.50191835877259,741.8963269587151,9.835145965501022,854.0520307842809
95.3607976265941,848.4253790905248,11.162467648886878,722.1018355902828
78.72452147437848,422.62919701360914,22.794709752851652,583.8312098291316
22.61018581898073,302.9309056404292,10.164704472684221,636.9480402910689
88.16211783081215,325.2951340230311,28.561873399170082,537.0428063611456
53.86880784245623,712.6213330985129,22.13783306996401,839.2406018697731
90.50970042046822,816.779466505636,17.922877277202602,700.1997461825731
81.98697303525837,181.61396775660265,26.426854816342573,452.8063492077129
48.26921540223101,370.9410081577652,1.4881772504844826,578.4119817296923
12.022237748810566,901.94019674915,7.711880765676263,952.1319452911778
34.180962344645145,806.6935196947393,13.951090026627298,911.9133436101849
58.747079319478026,984.8584027624759,6.8093561841456305,830.0893781341156
67.01303978435325,754.2482596820807,22.317155619064557,786.0274377731387
33.20989168898821,393.1952010279223,27.576240931611757,707.1767405597367
22.54204666655417,590.6378339946377,12.713103597927702,791.4791754300018
85.14372131193691,661.0142542473203,10.263978003356849,582.0394450946698
98.5961962633197,78.45581631712395,28.84652196412699,373.04292656058897
57.312116407241724,544.496959103865,13.345572984826225,623.9523793064949
25.451135726347317,709.3208284726096,14.671452013478497,872.4819641203931
34.50765938674321,167.32130400106038,10.54949617025716,554.3828348843759
11.655160889272006,780.6317174255571,27.28645419036415,939.874765082253
92.28689259044491,583.7727805141117,17.068664498455522,640.3856073430159
20.597597460112702,952.2217856975947,22.865237615449338,1103.5667423383015
61.88648279628282,42.422298206891696,24.35420155052659,458.7029000693206
34.66496986184854,265.32613755546697,10.255471257517746,560.7120876730373
59.87602022642141,601.5538792998241,13.010829939611401,770.9329463987963
68.62783495166778,296.5599122059307,25.454153232187938,530.0981624598264
84.67676233364814,714.4241640712422,10.897660550274308,658.2732917921212
28.577914458454288,759.005282521931,23.818054003555538,918.247836082338
10.989624579263243,102.51596406647445,28.22976967723311,699.7923852951855
22.319706706192655,513.8544642067677,18.69631119204021,794.2418371988106
91.00167776632946,508.8905555910559,22.248818623556666,577.7253207406693
88.65010698062638,369.28077021554105,24.152919361234048,510.91912986042297
63.76717919532775,932.9248625696721,25.351189466899275,891.662186425965
64.0465174390288,827.5063198732212,11.85160013570388,750.6637874696892
69.853300709163,697.2093819096368,1.5379037752799452,648.1690672972696
25.783415076110465,714.3266357349976,12.056288137102186,823.1686279288637
92.29707513324638,461.7161438131191,20.212686893522694,510.2091471757413
47.68934724028658,920.9945210965759,13.510511573423784,922.6361503457942
44.48246754245477,694.5954272532854,22.468894525811958,811.264607925467
56.70259347545538,728.9810616558165,10.709472884059917,709.8860106725823
14.226937009754954,861.6909037873453,19.042324233120887,978.328487995386
24.965503188047148,274.071589342191,5.592594145619238,592.15340281408
76.42302547837333,807.070903866703,22.48108309934871,734.2777892276041
17.45188011326138,195.24060295649204,16.370879064390774,637.0684864741886
64.28368985197494,345.34195224488786,6.121931656398018,479.01483778780124
32.081419871318886,335.6104542698427,8.757335204934218,666.6785078213595
45.036605263777886,978.5254683891405,22.45826125745497,982.1630400528136
35.98243630936299,856.5372237479269,14.478037069845621,880.714488591823
42.01054448184542,701.1698615902598,6.480943211792166,734.6029802990339
74.71413146658209,727.0567616153901,29.01813571110893,781.3276337365847
36.74095440608575,562.072794402571,21.453750594506637,796.4660092030601
60.976417626720746,947.090667108519,28.714044976193883,933.4214816975107
52.84453619791897,496.25875288236153,12.813151360810297,647.1467604373696
69.73040488263834,380.51770986989453,14.253010220751614,554.0838001153272
94.31467653922822,163.035336931591,26.938656485550574,415.15115333875514
75.93148874892253,786.2056522610579,15.751480207361539,733.7695831152779
29.34463407316811,734.4439320755914,21.218367357170013,822.7061274369913
12.80648215551562,384.3550385241349,7.565186324865899,720.7957913454211
33.60376398698426,25.19341395922936,13.401794061079217,487.75831873371084
63.55701376302294,838.9973277180108,3.7034959743106532,724.1414271204869
14.628323213582531,11.417983454073632,6.17940107630885,549.6830769084906
54.67296224811127,703.6997796290509,0.02830245802893261,690.5830097721079
63.71585640252003,970.257109726057,1.177951549459807,768.7864362435116
40.08195017352647,437.66132814820344,29.31851469530788,770.8795096741754
79.38209833712398,234.97340499595276,7.270610854102869,427.6349082523967
19.593842782039463,704.8710100433817,19.89932128512006,904.9879826656993
16.762400356222788,817.1281420155851,25.172990963988347,971.3691566195183
75.5369880583243,546.4303160778474,16.519813777096928,642.7181344627763
54.59421845855786,967.0352752561462,4.594335002518686,834.8539085583601
71.95621567849625,51.6687216579611,21.843493120084993,435.8614229432921
49.13446047433716,504.79559830452814,18.007542302987492,637.8837956238709
32.17618299151961,718.4539473225501,21.93751768042125,859.3698091994468
83.71920859067798,862.640471149179,23.092398685712617,847.2892561653646
81.94742910720814,179.25561190779004,29.262311030542353,467.08505012297337
72.52268237689842,800.0034817636814,17.2068984008013,750.3530368303565
34.49306235069665,552.7070757185453,10.249233380718055,710.6816775572738
63.12076001821784,396.5536819899632,19.453936707007113,569.7400603987044
42.48765072460241,131.71502857909357,2.0532212772787837,382.41224521528585
18.242386599397072,865.2957589089124,26.92191954964759,1005.6127254487945
92.55822179160185,157.27320817971534,3.5814303401459036,322.94487313823134
22.313676782706526,309.7878592090992,9.835285136574548,635.5541728831432
95.52136184387221,290.0455319624369,24.472361418783628,476.4741306850834
50.140519566216014,871.4140341908543,17.919371349921356,876.1735412718976
26.66196359547577,672.702994208898,11.809065608323262,846.096178506161
58.77108526405223,796.6813971913723,14.203069781250642,787.3294061319061
88.56512522887675,250.46789879249897,25.63642179606541,470.49820537732825
75.9002397768605,624.8740996069989,10.200131581796764,627.3032238352592
82.59050330753047,571.7459831437487,26.08949054436514,685.929337163812
69.29050300396456,832.8303767882711,2.644032929300745,764.1246503850431
72.30489080660672,906.0870604812606,23.30395311625892,833.8043112270293
86.42760864087873,12.156771477386808,25.42642899164209,376.8957183851342
32.470120797326736,674.0199190587927,5.454529585120163,777.0229683210957
54.04824672788264,51.83579911972902,12.910395971166013,398.54779903018203
29.908849763764202,548.8586650773559,4.964993239909669,710.1402644633213
98.89012071969823,287.6327290436782,21.19812386982653,409.1664059916142
94.9653405717952,306.7765995221412,16.060433041849702,395.72293414275157
13.54841302316553,352.9585034523566,19.059700401249632,742.1349068996976
73.50176552641196,621.2924490496101,5.894609008686334,608.0977307490774
93.27234856740992,334.04996566876923,6.352375861572586,425.0382286686544
26.25178106146002,732.6990505902804,1.244919765297191,793.2819316269955
61.11507074973665,404.5273855738697,9.662026055871891,537.9366093571705
92.39394678292376,68.35320030995862,16.79233984001025,339.59882994732914
13.055138072721896,783.7598424841073,25.738047419919862,944.4117049730417
72.76782405221559,285.758324592706,20.00782342376042,566.3439779985504
36.761410663529574,432.7668795992626,13.061889701992543,630.7295459732064
93.19565758388774,685.4438832219015,28.593603431824135,700.2294278893507
97.39524206488309,332.456157148712,21.577356017274955,450.660984824664
94.98398402020905,56.58565614671562,27.9049560858765,399.97829164293705
52.67927949917174,373.9210470128136,15.82763919816497,598.1179398612713
87.58383858903821,944.4485826943035,7.767128243794188,732.7484152103718
86.00944586815633,641.7343972985582,1.5848005909416596,596.358910351065
38.71904259189301,671.4791486672069,21.782545544515514,829.3780920308285
84.60239267356096,632.2821536376398,3.6390899401660235,596.0286818770461
13.330687124394336,198.9921389594368,9.083253848159016,575.4804992518065
63.66428906338477,418.33386410228013,15.974127236516921,555.9001927257451
30.700795355893273,750.9397983633182,16.93249763339243,871.2462401421454
20.851019719955094,101.37289755315915,18.01749590961408,568.6554784999428
16.925788146628825,277.8527760897123,4.987659910491019,631.8803633310431
72.66598982903258,276.3191084658536,11.392122144649463,474.72494188919984
40.58874673912595,432.018927594506,18.515826813509,692.9746178244591
75.22900943758853,980.368740942185,29.094565939013542,861.2686959551573
15.882070671904813,67.50254668382195,21.82893413099066,651.9028401695775
38.37613040475493,518.700994380595,27.678112712818734,777.6854099891655
58.55421631378035,179.36468201221047,22.866361749425312,549.2791099220666
81.16508483550672,970.6765454097441,17.751509066772012,805.5178134256232
38.68772526388629,113.3035047274642,5.760701074090337,478.6323790090451
66.33022387933082,403.60100236159127,20.000569556775392,563.7273344209378
89.73799734125684,737.8849848346061,18.701386978797213,706.7974704353088
65.42768693640741,704.5544280274453,18.074075113717992,735.6853062415154
30.96635272782704,422.7286368939323,14.693576039647223,692.8088555797882
12.196070340088422,346.52416795271824,15.859698119678269,736.9115844583881
88.3088986510837,397.61237855287055,10.033275813543122,447.0696630542914
11.914246976534843,264.27626315863927,15.579380779269096,653.7575426276768
88.72315054157795,205.3329387067998,5.926677170354347,379.85013201304076
57.60434206244908,483.03969755889,24.155231920811303,752.4296264325567
94.51609286616066,268.5337560676073,5.573308640961234,374.4426726002834
81.89049121962988,287.4616648972501,2.5489886966839927,428.53838581087336
99.81406994800037,656.7560634745571,13.087380790714722,591.1635817510967
41.564063390653914,968.5373316998922,19.749223185181854,1016.5899594465826
79.04694600380142,603.6372005593751,13.131504748006241,577.9186359993569
46.1737822248318,76.97946706496627,8.302623958539257,444.32013799076475
53.18880582735179,75.58361385406698,16.745135516713223,413.1847460216824
66.47549168965331,951.423220845566,10.410070062365998,753.1383385495516
88.63094027677049,297.2907903073336,27.986030703798992,531.6065894358849
98.56751222793656,92.06698608247544,27.679354188107162,392.9126611823876
79.14460724780663,599.0445871503815,15.071154599162863,628.8991366953192
47.59901039506004,623.6487782902661,9.836519820547755,715.0241343614991
47.922130204936316,648.5048201186881,22.113972418699174,884.0048645601687
76.38240714300024,267.4020278575413,1.1013883044919992,402.315479881287
31.48994311914721,15.110684214475034,14.243070181309538,499.60459449384575
19.94267018182552,965.0153694544719,10.089701828110005,953.647238733893
41.91599418766989,250.8930456911025,27.616076553076642,646.6359002991428
35.85150924886736,676.0262880525474,0.3600908181804763,725.1120601189054
36.66773084103911,706.6298698787095,16.584446271550473,813.9184192920978
31.024697594491894,610.0074170794857,22.21990743199878,877.5961088822708
13.78838706727257,312.9073942136482,14.550539625721237,723.1567829291428
11.608654126007243,271.09625376406575,2.56209090488165,617.6350184503963
98.89501507624284,597.6682827027031,29.173841700837066,578.8919465484894
48.49958203622761,866.0956336116915,15.540312941282938,854.4203587060006
44.58939824437135,946.7337289233956,18.42558732957034,1012.8174333085879
71.16825544237628,105.90580440375763,7.09829348122522,368.01975328168487
29.642849907855776,154.82861259771985,14.504942553204113,594.1069965029229
95.49650655552028,944.7362587830796,12.874484758749656,793.5093055773053
80.77105129739968,736.5352283347926,2.246875260059512,643.7577540511741
18.046990208103356,882.9938248297731,3.1848106064240165,878.0253458666521
47.58226982064355,202.63263413534315,25.124175588563237,511.1310155950704
89.12064768059483,587.5858711094019,7.194598566197707,582.9288816021736
95.02588200622692,701.1395944174736,5.8487481449589165,570.2932118301443
52.06613601248827,680.1118854469727,15.147343537504177,764.8787659301732
65.2070250289637,408.1516908666981,23.062413940875388,586.2722298631539
25.03305514828677,15.394891691308477,1.8583955573696376,433.93313197353604
99.20517635232788,582.9260568042631,17.304237589147675,581.3802589379179
30.850453124509905,253.10153917960875,3.576313285217201,559.9387840736896
94.84585967216131,450.25424614289034,1.0938315247685537,412.61403605823153
68.46819840931316,957.5810150838173,1.5823185648665217,817.2048336011424
64.69631153909732,399.03531764243473,25.02492324625324,612.6464968932324
56.141965991485776,839.8016066644267,3.539174508841847,718.9366940883679
30.760283054598283,188.54060574925114,1.3545409323687585,505.4914557737706
25.887522880495744,672.4604980250289,13.13699661428737,825.2839227132578
29.84375881631578,977.0069544389435,25.319804158260744,1030.388904556981
26.779443592982908,101.8931008729368,7.872251294679058,550.8334482414674
80.16260262100779,8.319942227192012,12.651378525777492,319.8355907773843
41.51127332500571,433.58279263261437,1.1976759769125367,594.6573674947896
15.205840890705673,92.6254830513672,13.472355424046276,534.9614645368051
97.21923671267302,748.3843496762314,17.32839241911401,693.7930318823036
89.54072964670831,914.5486638485589,17.127211612564345,779.8174729693194
93.49770548756916,434.02097270875885,9.972800765230955,473.78054189900183
99.54170403817918,258.711642155441,9.465995419894066,320.9204452586894
25.650572429753858,434.40331900660976,3.1987085680979366,699.5758509061857
45.661781701239285,723.447817850001,11.003949619388052,742.9279129845412
78.24146281336822,9.054161580370979,2.98484006618894,266.9885523999344
72.6418556248413,589.4539894846972,22.99787834136155,702.5411549069125
23.850631570586955,613.291684887379,28.988228932445576,844.1383545356559
83.42498124915559,637.6882468959355,29.102233700001207,669.2750548529126
30.19965146529946,242.0220799808772,25.952132981261816,596.4543230198294
30.14358533403608,714.0527233781268,18.023764480188575,878.3443366750672
58.32769806040722,91.3914863317764,21.025970917316396,459.48691622945887
63.364594135753286,199.2703364668008,8.556174080412422,540.1403590024026
62.20775870540301,877.470046654482,18.92311260517862,816.896658267999
18.233815365797938,738.7231507265664,13.669486483196323,855.3640309790032
88.97147763673424,13.745554011345252,14.460520193307975,295.2991559534478
33.90400383298355,248.3762603698002,22.73329681125474,643.4366423963778
21.656342915452377,214.40648299316456,8.45755066791755,570.4158659262537
89.98732718820794,270.80632803697256,9.541188350835597,431.51709062811574
96.0086348406778,247.5597702798864,27.7392537338591,445.0925975875457
87.59148555389055,62.52629574284574,1.6867288455291674,235.47458388348963
82.85644672523902,458.9405165968203,14.569028952400211,499.79962070242095
68.97177825751196,732.7334747861652,27.38402401223585,729.6642976436101
59.57716335482254,606.7317247174365,18.31089023454471,700.6467528827225
17.828808392026914,672.8716685980797,16.392212226363963,855.8810608829824
46.760789176362884,81.14917853623915,7.492325376880657,418.8107377989387
43.54196653110826,951.4907101767872,10.298264671933449,933.9129527703509
33.37784053842935,838.4918338430249,25.561452474140786,983.7605639651724
75.10781023197265,805.0903184956627,16.776543953053743,751.0603586938471
54.628816157089375,822.9838050417675,15.442265812703397,770.9991497173738
17.294159431688314,932.7105081327613,2.9873914062008677,912.4085795606685
29.81648817548302,544.2539661136977,0.48084469365369364,667.0871001811564
71.49328872936363,200.28201786762588,28.91055566061147,510.49987218043765
16.851777354127016,616.7836078525412,11.30958501860525,793.4528298399684
86.60862226438918,742.881493667939,18.09639186298513,682.4929524839835
54.56318743125769,737.9173933540254,2.39145219561855,705.6301468843996
53.25279195939832,521.4490241668801,20.493428571691396,684.3670460992354
63.31670061935658,68.45871933357806,27.977001261178827,490.4139393733812
84.22128693326343,371.1129384301278,17.26995758992259,530.0534578420325
41.30282871119738,920.7666084633573,3.783459671262317,828.0727638389234
71.02145373031573,584.448909757426,17.451645824204302,704.5502825889982
60.9158767596212,538.3319432557134,22.990416393139572,671.9685542594726
34.03254431524792,268.8535143821935,12.192496097220559,544.7575863169957
89.07669877196422,368.4489199165789,26.395132438244037,560.3933679745686
81.76834194462353,895.3460891531693,19.460488600720936,775.1482177138886
69.26066511925829,666.4630475268357,26.977467548676074,769.9756102717449
86.55235561848177,787.3870267523329,18.705159337420117,655.4521851748058
88.05647808638221,454.34542306765513,3.938639160144727,524.4701513198966
73.75266790435313,630.247219456158,9.290751333155674,660.4881649220099
85.33119955273048,248.38360874320753,6.053848447573707,353.4531514763908
72.77243155023552,705.4608302834863,27.264794931505868,726.3737814331773
71.21266945842703,427.60133370333733,22.81200201862448,664.3906456924358
65.67502403936659,442.54551481474556,20.291951067300182,603.5860435208351
77.74449756018771,649.3223245768817,9.028989588948651,611.5470720906424
24.274459476376634,936.2806214689267,5.5213431615064055,854.942085288387
89.27836832790356,64.00634660862093,22.693532639667353,367.1123853508899
88.46591749707088,824.7432373470076,14.22473837637239,711.2659696190806
12.632255473110323,292.3831104121931,6.773686564518874,663.6280145124446
84.32350755082864,443.9194545063778,18.498659344958252,519.51014847996
21.598288072610067,21.913328775008956,1.2100155641535593,406.6032742232238
40.16069688332277,301.04607783431305,9.785107623847605,592.4953654297206
76.9157430662447,502.6312426301305,14.05670983773404,621.0538434418132
24.46839064434774,56.17607734743901,4.438750023282175,429.74204632355065
83.6170321707156,491.0957293831651,29.53963432772519,674.8403624070539
84.89207601619677,927.1106288584273,6.272920937688427,741.3699463136701
55.67209603847526,105.39321810780523,3.9105939012979665,437.98745061720604
10.574728454515022,764.4407280755044,6.106046216606892,878.9197989117131
35.83343198574215,409.67105337599264,23.071833994791728,637.0260631800899
65.5234226538168,655.173714524338,12.765169778155284,690.2834167220138
98.30675602246811,260.23659798522937,16.96247819257614,451.81473644822916
66.86321743150015,159.4922625413583,0.6302747095908223,355.4954719516214
33.38232229577439,160.46261427122644,1.0329392571994367,473.6100874670637
67.06051327896502,70.49194564314465,13.374766494810485,395.65426035220037
58.59868417442699,185.64670490124303,24.499657296048706,452.54017001152965
80.18608556360293,664.2193849889683,26.557166361226958,774.4776948729343
19.628257494426258,881.690611843508,2.6011970278692065,867.9252481809061
78.49251122518253,814.1256855911619,16.150893063030683,767.5118374093707
58.71399208084993,685.1343098744841,27.396890588378113,800.8085975521366
96.66928034730952,110.43186341110267,11.639182631936592,361.1325755140865
40.76849494348175,289.1874462959498,24.886974942851058,658.9047967046274
66.93597038205533,309.80687532246895,4.010869631983086,467.1021465293546
93.88252949590157,249.95694639762124,28.06183469003396,456.8346053856973
19.225875519161132,515.0056597097231,22.542699525939078,836.4742219685377
94.3505638512806,535.5538148796726,28.24003178360705,569.7221356853912
71.9097150070732,356.8859751711102,20.298517006575196,583.5831402054882
16.10533531946547,353.78915873643604,10.90211795998281,650.1178206630896
37.086721025213464,828.5555979060814,28.145435175741675,981.313321614808
73.73548797807534,789.2928483196856,8.267003289275355,719.6139629518744
16.061554132189453,307.79583168074566,9.965175661851976,674.8628447885676
62.39534141586459,913.7884438732593,21.02425254005221,877.2891248040385
41.129475125766106,952.815017002506,22.95948898576159,915.2452151985328
65.88239659907293,326.74254203004085,27.882104515474616,579.3127288933146
14.116783043126157,354.42494879305485,6.1440722716862854,685.7541667539218
88.43831255371387,505.63415342195884,23.939941056576718,612.2015188535167
97.61400722596572,941.1208125336735,22.156381601908905,823.9299897576543
97.19900697571224,876.3194331423115,1.913836687607936,668.2301159731737
77.46866485686323,102.5679625835898,11.61669423630621,347.9604011816565
21.70776161175688,392.7307432714162,8.482963711802958,649.7749812278332
78.24368763361203,553.3711897497718,9.134712730620912,590.7156173428515
12.212822481292136,503.13247255154005,29.488406386641024,792.9484787850956
11.991119637609753,193.86306793689266,19.283322404397836,707.5780436462958
39.12491972345872,858.8167711681547,21.530284733804987,932.9374521740529
53.977887136419916,676.9407829968374,29.298529119450276,859.8404135978765
79.33666760270138,837.9083748518036,11.316053473729161,690.1063337621683
71.49658389458547,858.7642793494722,24.055205053584178,872.5053680695581
50.13124357390735,748.3558536657398,13.035928899134861,855.9088079376546
34.62639996534993,439.21060124971734,26.086010154449394,706.5298008397364
99.74120501419401,610.5467550154245,5.419726239339095,556.2904475089387
48.356317201237566,160.36540611974314,28.43058531192839,577.2999763564196
50.62483218967079,673.6454174749077,6.56315125232639,671.4309529826261
24.726143907250226,179.25325573928075,9.786615209427946,579.1677913505855
81.53285938749364,693.9495905101568,22.685767023203415,740.8131483537351
72.43140032033398,229.59816075396867,11.8126542469622,438.53435407072794
29.869265150988436,117.55130015021997,18.2463413029934,595.3770567447683
17.414294105425842,165.28449014295742,13.337205032082855,547.0824857119395
71.24493718672417,1.992135219070268,22.271098112693455,353.77406221934064
68.90600928530216,718.7396178535303,6.849937571058326,690.9993907938128
34.59335742983884,732.4010490583792,1.7537396171063102,771.9507086643728
95.57772060253693,514.9333499132595,8.997881924191987,494.2257181172558
23.59521026028102,161.3628010553837,14.229259946052908,605.3299025562699
48.91013209383417,83.55433751068975,5.040601565780357,436.1766097292226
94.9254328150839,19.12896643728701,10.64391868969166,303.75195034987064
47.775458523351006,165.7481769652207,11.999490548807056,495.8510725960246
67.4673352897677,890.8555349831468,1.7217553106482064,769.7119462148614
45.78349581665149,241.53684170168177,17.499217445526135,557.5445115376173
34.67936821138031,354.2713272172157,26.530302839138624,767.3636338727579
98.55798831638454,105.34548448133319,4.552287388591573,255.38384113081125
46.84006056835387,222.36130474817028,17.934240402045422,623.4905955629999
90.4689283311221,519.2245707802051,19.942176147325387,588.9630195460454
30.695914530197758,607.7526830956525,12.58004041257865,733.423473333064
29.1794233622575,245.35231416621107,21.0329276209281,681.3449056156315
12.802067459606022,57.73215922511721,12.32194630473036,555.8466504092411
68.65001428382965,391.03286912739867,15.139118639323048,590.7957078602328
43.1673709351385,234.20337092633414,0.2205913366328094,525.4182068971934
87.79224248556733,219.55392322980194,20.751603424040663,460.2969179027531
52.588891602240146,959.8628027134553,19.840280368341734,903.5989030473314
97.13740851232495,616.300485925724,1.1520263197903369,551.7695503549164
26.697296413280903,556.8784431720959,11.047503221853992,753.607513679113
88.17608511600497,415.77510352332195,29.370955223750023,610.7898070906487
79.89371675125676,428.94433343014424,12.622096877058503,473.2895836328505
79.38296601796468,540.9050038380808,15.058362153955251,621.0048661452182
86.03049053051988,696.4298070361073,27.297904744791555,707.4553808961009
78.4921591848699,702.1460961818294,21.517856275972694,772.7851410315244
66.35982894682738,171.69390770544956,17.462103933726706,492.77060711754905
21.81203899141488,500.112752076627,23.934140440232177,811.4866936407086
12.927356154212672,411.958095034102,25.930987993679196,811.4412188233156
92.87630630341182,870.5269662693842,13.706642152118006,695.2145493987451
65.49852830686643,631.4189212183763,14.253250947955062,739.1778311442057
81.68835618785587,532.5040664159818,11.581528069555073,638.8357175447057
53.3370116361295,115.39464217891737,29.001184200553816,554.4796125002856
20.557737006615504,605.6378893234114,20.914987628710513,893.4327788426209
21.26672129822954,117.20390568023342,2.496691986242169,490.2108029164629
71.70087585060742,337.2065755657521,25.888788699390552,559.0311967412571
48.72753054095164,142.84196481433187,14.416798225088042,498.5501243716189
28.047225403030303,692.0736470243689,2.062617192674624,785.2564644175037
54.24350920672932,206.2521138361526,16.491517654899333,511.0335171350914
15.778804336762068,391.859373188026,12.514928369271063,727.3009611411367
62.37742617229589,895.6747776187786,26.332482145878746,901.5592054840977
34.209406399158794,204.3163833989703,6.119838108281622,500.1799597846852
81.78031905734693,507.8050639587791,24.79393828476549,648.0950567547279
37.932576303121635,419.271661166022,16.730660735563582,705.3972526271098
50.969813417362104,18.124041045729733,1.6383090964040714,369.4882052805106
11.045848591729058,792.7581135728128,29.15535903976454,1043.5977493078926
16.5202199015103,69.04590631459972,15.378457323095997,525.3324662633404
45.32442007660163,474.2550209769536,8.726305626947475,658.8242910573649
53.19449512454111,560.67829493895,14.082205259677743,656.0582672023371
64.00184933073734,628.4264566145871,25.73573350552467,717.4639070957122
36.24963208383729,688.6316293078755,9.147093731551905,762.3744620480517
72.54836975138883,253.27238352271507,5.780291894601009,409.6307364729687
87.41101574702842,9.978776658449373,3.8721374079264437,245.67715356553748
80.18658900040148,723.443662354912,8.935781951706337,659.4164646134476
13.565694281352144,535.6565993475785,23.401442611201304,869.253064475681
53.24562525320461,836.1177032072487,14.148790955857852,819.4311594621286
19.44371605763574,821.3883629006942,6.824448110806199,838.9165026283831
31.78405142762747,843.3261677878832,4.985549988292476,885.4407149473764
98.79963339404318,485.09465997954015,9.981884295311373,470.94514727574625
22.824598861136188,333.62839583686565,28.197731186571264,737.5674444547417
54.899933810622045,791.55820259137,10.290801377700731,795.9294019605438
65.63401608863072,451.2941130292549,29.64372227863906,682.951932194014
73.22184734896936,183.4421964034345,14.556913672960686,477.66551094525687
60.36838151382227,854.9740195614744,5.374917548704526,787.6265472845757
10.87937626772653,882.5598767723473,26.73420275380528,1016.4735359611071
39.38151774195927,466.3097561401701,13.810661194044807,749.4204960341812
56.59404790462403,75.69972730978746,21.290140305135733,480.3484253668473
17.907984923035002,387.8260899169312,29.511347496274553,783.325620872088
41.55642380882627,803.5376594626034,1.50526050959922,813.5436235444862
12.98827979122299,901.7740285462287,2.900836793627014,933.9098872454827
17.072064743951866,203.47274249759585,21.613702243882685,670.5655340245356
45.72309485814365,66.97361202527152,8.45475009886416,513.3567918905462
21.94441786387543,877.3504531328387,5.529041908502972,892.2335396696565
61.07867634354023,389.4049389788753,1.1808563945918849,507.8378956112545
72.05184722235391,541.7609642675633,0.6554013595860542,561.4993026250241
82.05280291981745,968.065812050759,23.234568093593726,886.192815801327
28.01352198203291,66.56472791422286,4.0330028210865,424.21079121073325
25.07343240331628,648.3180074520956,14.031618479134526,760.1301221674764
19.411105630096024,74.10542257486708,18.17690445538449,552.0904585554636
67.2787224589273,375.46892846650036,12.850554017065388,501.13337817001656
73.5828153838211,803.8145451934467,0.8131995700869932,672.4798838699259
12.842753034307783,433.4722327556344,23.505045077637266,810.8080735469589
94.25910216193208,997.1823539029504,0.3153967362496046,690.6683882403591
14.677415528632517,559.0592849466021,22.85669683132452,806.9760827405859
58.71667017709634,321.1621526359535,26.799134813643683,620.5068547063665
73.81544675058248,220.11132590475313,12.985197631715168,479.41161539766006
88.3872211371477,350.5205342861618,16.066274192933946,439.58077154080917
74.2678238919185,372.5332737595508,14.309501778529613,559.6176460458476
82.15552747628126,68.71367772396097,11.676258558703164,370.7907353388023
40.55051732885255,369.5741994267732,26.622736061110807,724.8717810970818
83.3342602371861,464.2385197392249,26.818005320099715,652.7609122047033
17.210336174620764,722.7377522388047,10.074490939246036,926.1707400315587
90.53349904544748,656.729484721608,18.45209262044094,638.3419468680945
59.28331385383626,708.7656552291543,27.807226864375924,818.8561677772838
83.55679929662443,8.363681876857099,28.861754968240547,385.3270648923172
50.70864560664701,217.66739958053606,15.268771212661425,533.1109243763084
67.92199256768725,661.6842883998565,13.584744158529803,740.9860879586049
57.37623948425019,483.98936817974715,8.360829477855773,571.3196785084817
75.84305695797987,5.313475668345946,28.7661561957123,393.1268577738276
17.34669838275306,804.4946424318223,4.284429134186021,912.9447998337189
15.431687559150742,772.8095732903374,17.39488728143175,957.6852555819379
32.23929106091318,548.4191629935626,8.476508025559166,708.9802990373253
24.359021210186953,66.46332577627211,8.370248710433899,527.6379028433662
88.46052099329815,766.5150495325846,12.149057621285653,688.8577251675871
29.72925886222399,583.713587731364,29.963788074469637,897.4961959213878
97.82787302372182,781.9599771579592,1.648989205194662,607.9766033485906
40.320621259399616,751.7469923958404,17.356254546105944,872.4618685664286
26.390612411982936,803.0020719578371,2.4771647410583153,913.97537976304
81.07286564282312,518.0080664046249,4.63562489971557,556.906535423845
69.28369979507886,140.324518193515,13.186888253186961,429.7254459513011
54.837614480782506,671.1574733796887,15.313803940393239,769.3083225060925
59.982719584386814,620.4737850519706,7.76377225093572,658.1491692813869
74.72816004450374,742.2531871990872,9.493713926232486,766.0497142629367
30.560926719816884,169.8810060507353,2.609010607677992,511.7049070351864
99.67005244510678,194.97519990028923,9.096593515327516,335.77241058469644
97.73138459321048,890.4095172193284,28.996753181416324,771.9237005865133
68.52931177122431,749.9777984520708,28.34122145017445,844.0236769114279
27.958820583623062,908.2284887003229,10.04634870410955,946.4851485046722
71.22054181881622,758.7153211639207,17.12561808836285,736.4034944249032
16.497856808125825,597.1553059903018,27.28786173332833,902.8169315910878
12.758725198522546,654.1327370278736,0.18551467922690024,744.461087268118
33.19145996600923,889.12792394001,24.320507110127757,972.1412348748108
51.636066106538465,578.8067545119405,28.45108658366757,790.3333024169937
88.14452548675425,632.3913243283874,2.739772030006712,616.6808401407412
75.44521627896772,156.4767160036006,4.843430580987631,352.9952979879746
76.84358690799829,473.9212201161027,28.822389083140664,612.1912158856901
48.29440010032678,716.397111958099,16.12620430921039,767.0835383963698
41.13414932922666,270.9426983163654,0.42589903415171104,474.10134133181367
43.393488668614246,202.25418052453492,7.728959962905875,549.6911448037237
98.88846073624521,313.8268082244156,13.498310228065789,474.1987518945222
13.609827227123423,241.50062799283344,20.78726733074303,693.4636663072266
88.03283465102037,214.91263703639584,21.994811344103987,489.97071965621126
62.080786771515406,424.85084286808694,29.862645387763685,679.5150394757228
49.47538772706314,907.8385138835341,8.625335981512771,845.7664242371186
75.27318943736229,507.0596467387183,16.146603056054257,598.4521417659307
53.80020472822326,187.92038081532303,15.99970643578815,503.2463786606055
88.60809142734945,76.97166938087408,12.169357783417125,287.0743026362034
91.06316776101326,696.1561451379253,5.0748568152726055,608.190496270506
47.95488341861099,382.79876443638784,29.323696895515276,692.943199133516
34.914501751154646,821.8309465853592,25.59951559999758,956.5303677615399
63.3115295734026,659.5107686407702,14.949990848827117,717.376454737471
92.11270110550218,796.2414505413685,18.097362680520895,707.3883243097094
28.95959701050999,271.9460394184488,6.817831606789869,557.0475958114149
66.06699252071346,692.3589224610581,16.313612111752406,731.7111413318034
66.84041980832686,264.0619846937188,20.849103993644274,557.9023698145851
75.98017201737528,939.0684794502916,15.455010851597663,784.5686081984925
21.841091661453383,636.3742815333744,29.708555117548237,903.8308539804905
74.42424682138797,324.5118001753421,18.340249687431786,537.6756966065507
91.81292685990769,269.51186229227267,11.12921137776507,393.42126394669066
26.171479798321776,190.9265850716435,23.164560828475143,615.1359681359921
31.378899243148986,694.6409588937278,5.1138753474492615,785.6714839176497
97.42555846374756,218.7156129979273,11.535474411187996,340.75587261488226
26.28792574385408,595.3032659274891,10.408768511327576,781.3294097463018
86.89465840326213,264.63502692535735,12.954212853233319,409.54397130928294
54.30500708032313,661.9689447938686,23.45339477786179,817.2220358362703
32.25079669628593,814.9397285405392,14.525190964902224,953.478261367572
88.36749111452603,778.0252431446531,23.820433507978883,717.1896117175884
50.077472950239894,760.8513309307817,17.294667094195976,832.6928179568913
56.333561853672116,187.72240569225207,10.26208303972666,454.3686753372824
42.33100324597891,88.3849469845187,24.299362310504172,569.9249005207772
63.36557662914347,698.9488284873856,7.148690116592747,657.1633826666697
24.717148532652047,368.3472137943513,6.731489393993865,658.0972110220202
45.197338298658465,432.3462264033473,15.135087721645073,630.066867907243
97.24710901017588,31.149092793391063,7.825477378862668,256.7510685875302
33.23200894310148,259.5764492750492,0.27261104853648965,500.52449479648334
69.1062998087163,33.67640387446402,19.448925818964046,431.4344457327759
39.267105780222536,879.1857726012477,15.33281464417194,873.3462315476283
79.61258131179406,243.39668321853048,13.365534434794835,466.2471976278121
21.778629464651484,557.337169573008,29.00905543854946,848.0550327374269
97.28389405706902,38.979320661130416,17.13597551888741,309.8836845998293
50.841058724527535,666.8473913056581,25.902947333681535,814.8479333696579
31.244541701181756,323.02734575409386,4.183507086154805,565.8428430545102
16.614707259701138,897.9191869576658,17.07619389388283,990.8074545753702
25.27821145787867,888.1181889340359,26.039388801927085,1044.3314410336498
56.77965537004159,325.29061836174776,17.49317271839694,556.4293630877524
40.33028587881577,900.9608956904679,21.540425343810046,972.3460212260521
84.59950292943485,996.1576734987788,11.16130703436622,845.0297921375495
48.779877129562536,825.4156641239481,2.773485511111998,755.750978558005
32.384284532886696,844.871347755229,13.737008853812142,850.3162263952985
65.5430487943627,249.0087361090899,11.834381725165725,496.10595730243836
73.60994951969013,576.7023988577563,26.01180547136842,681.1581525436436
25.033771711085485,67.25591396736786,7.319859070574167,551.1840337781885
25.08572946594859,94.91793682166971,29.002026826053243,618.2561403582503
13.300428424018868,998.8926120332906,28.744143594134883,1079.1997564742078
76.27618135590765,326.6392494259109,7.428949292143161,437.221041775597
69.74240748596246,748.1839120488464,10.441558664319615,749.7696756608588
52.71677881748325,806.6650530268165,26.86667222621655,862.3800319695156
85.97534040722775,858.0232710072291,28.998666626883224,817.3938114001604
82.51031376550479,997.6282974021565,13.30317308508132,846.4731551833448
62.6818927957077,241.49648525686786,9.629911369226935,466.3243705295206
88.14441524619328,40.35082685969971,15.782820397546262,333.2784048167965
28.52570890330914,411.191517994586,20.633076190972044,722.6869609475501
20.072765745795508,130.08066982894695,8.204235461249393,566.3429503288168
34.277465036529065,22.425889162055125,22.094195238572183,536.5738557296111
15.137817048038336,360.4268271414861,1.549720713439231,635.9451540561794
57.80525752009288,783.7382510752365,1.4788347829324933,727.7569987368976
94.29451230654654,566.1806912250709,11.588631154366357,546.996594119023
13.540918660165868,312.77798921035406,10.604195761821618,624.4588452262042
20.989892260902412,654.3420054927197,9.468996461014568,819.2743339906693
50.697912545509176,232.0181803088107,14.7305928800673,594.3340697432063
94.04875157751144,14.381446072085025,9.622007469347137,246.642931429512
38.45404944790755,764.3533864364274,5.767737554042758,772.4623413566238
55.65113278195532,623.7430848640091,9.284086472658027,665.2167433001166
13.741557314535289,762.30262450096,29.247128184307048,1007.900034590103
23.350888086587997,38.93801668766561,12.333402509845458,524.5379202591893
98.79671106629623,837.1196278306522,13.341383305750073,684.120466472694
96.86068267924409,619.5262000363033,17.2963496985342,578.1222286239215
10.444598284096866,563.3953507126402,29.500223052426797,900.6362995153612
95.6630606880915,624.6140481145316,7.248038293072891,514.6193696382816
67.52079440339503,864.4332468683641,20.438463315973014,836.1493538095868
88.112646506802,586.936506558907,21.479540806251723,662.6737493729443
50.92658700704732,580.9503798881793,18.219732503791978,691.2581173428972
56.40364257213252,990.6791570657658,2.657350189099322,793.439853457092
53.99619222312282,756.730167068568,20.306168274827293,865.2904849898978
70.01778317914939,442.29380545113526,1.9228413310852643,502.3549706584082
22.568612928068163,707.3970000329277,17.884279486496908,909.4924940430586
12.697623088541015,389.23047169178847,22.18743531665228,762.8396132075976
37.713694743207185,228.875462483499,6.329096718598512,528.0834860968806
73.4212686462982,596.8518768877594,25.24866022628322,717.5578146213004
28.166810691065354,928.1820981139515,0.9106141659901279,857.6237221113372
70.60891899924256,929.1395200154627,25.314385909749184,883.289846863619
97.29208414965434,341.9052781054903,13.809871519282952,436.6810617554741
18.451064421047654,527.677466221695,6.527638197949335,701.5089275353004
70.53419064026136,211.6358985698612,4.01334434981904,424.4065613550337
49.93751973741141,995.6311094988835,28.599215027471175,983.0998364682259
88.13280289397548,981.1179078679357,2.179967627434701,732.3496385358737
25.94348105026473,649.5089297074474,5.97280259807777,740.4832063908935
72.33633570035481,804.4140596774733,10.43467042299138,785.1133858855133
85.43037606832992,715.1001612837,18.607045468833615,720.5956053726118
95.0152797526621,593.1582190394682,16.34403255828295,622.1781095783219
71.49232254606812,53.34799698889769,3.7693047723694195,321.8802136448411
54.74572876075846,454.76434255266105,8.691839512146439,554.7286958696847
65.60625161810924,674.7863021674106,7.162553132580722,734.9746833669665
88.20144860308464,677.5316138836847,6.406285634710241,604.3599640659637
61.35487719749467,373.1226184223836,12.334330094399611,541.7043342101042
12.734835372715317,941.6919866580306,21.120943577749706,1050.7502523341113
93.78538259562801,167.357032236781,6.523587966517078,369.9539318041908
72.0574075928405,500.35944621556064,11.000366391089443,588.317815602142
70.88620471995219,690.8839765508228,11.727522805234868,729.7782431799104
29.410763715794545,697.1358058918092,29.293695883062306,939.2940893693386
69.29969232093916,648.6389567688155,28.639990706372068,727.3289193313888
45.44779650887426,275.28821345186014,24.00412748256228,601.1076514423345
68.61096793373429,156.20656868662198,7.249767624575555,437.2453335633789
19.593372727719164,635.9403268267108,2.0411194227500906,688.0172654296352
69.20607741427324,599.3021161394378,9.507124131618742,635.0847756900431
99.94723531935999,179.35601028924097,8.003836483014926,286.930545552875
14.339083497450043,705.1391455705633,15.177774004391816,871.1445782718848
97.94567657991855,455.1719917336564,23.331837302033794,541.4435499663654
46.621716465058356,667.7605916031529,25.74968816636574,812.0162559010048
88.36781053035332,837.3670797701507,25.345922562315256,763.7418835422135
80.4146935652446,169.72842857692316,10.790266836692034,364.6571582873235
61.0314634888001,19.14486799683668,20.61703030382049,498.32053305568104
76.46042883261939,779.1025863957868,9.385025925726602,763.1189964535089
89.06640051712131,609.6974251526159,1.8271662970554814,511.9233679025331
46.37262894859297,699.6395696221217,21.046957968088268,863.4001903448302
39.43298454069148,838.1549749886426,0.29482657709363536,790.2687020435294
70.08340470072262,802.8109348245005,12.275477623754657,756.4082656288069
82.70613477471328,960.9201469288247,9.881378079062271,779.8503407386764
78.60566212989542,535.9350788521182,20.801326155565572,616.3647245765818
81.80322839727711,488.49563265990537,22.98736418281137,643.2905223603625
49.20249833316397,401.8871998907301,9.122839079138515,602.7268962588654
83.60507945575195,153.69104284420453,24.348810433345605,433.47779252499714
20.81881498335476,572.6072328820225,8.817502815148012,728.7970022526728
59.00401881647646,277.0125243259788,13.389790799596836,501.63530929997063
10.518279444830942,921.3075122129754,21.810555810424017,988.910293356052
39.21272469102433,583.1908042770975,20.787606876743656,778.2619689016493
42.98153813842581,592.8401805081102,29.621054169366,779.6807789170757
45.655542244832986,354.92466087701,6.754830726477956,566.3030419608396
72.5920486020876,51.989351977707486,19.869537406187472,448.66927282183946
44.97022911433112,31.74376537298862,18.29045724827332,508.39246877251514
50.38242603602776,423.3351441531975,27.452953634700897,696.8167553189415
31.378971778689472,84.56537809723785,4.690864249346252,468.9875531749873
43.59266124664061,606.8469555401391,22.55394490760799,841.8114550508178
30.454266453683633,880.9730056396575,17.04805848806305,949.9866795098543
16.587633139159927,882.9148165187222,8.239976093637162,923.0601955137714
64.31037340432401,659.0454101322324,14.233047424415222,664.9762784616067
70.13915186995146,211.23183147293102,10.013297912093934,457.08114623202306
65.7541311408653,862.9968313588721,17.379402083653826,846.0127458525952
51.71446394205151,886.0934353132081,26.670018324439976,902.3038717172402
44.18072021613068,196.6535849529587,17.07914953236606,559.9164621440586
87.70002846146427,737.4260857706772,18.95167254979752,689.4641214024825
56.71736066225962,286.51954892712297,15.562435413441284,545.398897568019
53.126368986675786,802.6403123529296,1.5349651933642772,674.9812134563889
12.307785922579212,997.2378999036026,6.985756706282827,989.9709336039938
40.71230448635407,30.026005329392813,14.760051882962482,495.75742769268817
44.21760569072713,897.3658657909319,9.307058512341143,843.6233317179937
45.894050280721046,622.6305335986581,5.452907932835826,702.4734466678045
62.215513230459905,973.3826191648211,15.12398525755315,852.9861749780391
58.02422920541906,465.0095175264276,9.68429380343551,617.6667904529172
64.71145835141002,847.3879305713738,7.7432292952024415,761.7800407813838
78.83949353879154,62.39406859827723,13.919562523211424,336.0991200783609
83.16871648444841,335.2790500782957,3.9985277424651944,478.1025583280824
74.6310768603845,67.01653775120997,27.832371992262217,476.6448586617291
95.99713263594413,975.3431334790705,26.031062937577172,811.6882806017435
11.640932440872547,816.9739072718368,21.22861757221606,994.6408934569145
27.620018711519148,852.5474212459704,3.186414827653686,875.4680887113075
10.68065874803279,937.9652314338942,23.27631763409079,1072.591264693638
68.27272427391426,85.10348611978536,24.23871984327057,408.0994925746504
90.82274940549883,385.5975925133334,23.03293853143013,565.6934369282998
31.913406691866935,71.03488904400213,3.418976613577235,439.7811386265145
93.4331090316676,210.7931015500286,19.317238712032943,410.9485792369382
15.424065126060476,229.36577703767236,25.029743872481955,772.6958650708706
94.09924241249628,469.1072110475787,17.32060203659003,547.915089890881
41.6460418515671,268.5621674536426,19.39222125684267,594.714390192918
19.127874560429486,100.97810681776109,13.750904382789185,495.7011204588608
53.72845832676931,167.4910890941077,15.861219596521579,543.5591915677444
33.109891094845715,147.27556355209092,1.0313057505517564,439.10834712000906
35.638561176573056,973.0767979122983,19.16889065919854,945.3640016174376
37.65609684336579,759.2925069184736,2.443416386734776,768.9544758901778
82.27233080493971,967.761465269562,13.050437830206702,844.808283122004
58.52451490077291,439.74048650790854,8.779652930022234,611.3921628017196
38.01769292404033,278.3684816626566,16.36283850635139,602.2102292957564
64.93004049798265,798.2931972091867,4.002490065696213,733.6176893482912
74.45356068008742,326.2539180411468,20.749302059199547,525.5012164901758
34.53616006601804,299.3833737053483,23.85034610785411,669.5245478808511
47.21941913728163,232.50599220783118,4.900633492294695,501.29800849688826
20.96974840032528,129.67897822423535,3.129392620556465,546.6403038843648
26.303441458121227,256.46306101676595,4.365464483620775,600.1638722252917
71.30060685684845,355.31974847388767,26.313826856955053,610.146509417343
26.329451292606425,673.9942081457305,15.845677852690685,826.3667127321163
57.26470453003542,62.56484221945158,14.017829880225078,451.8321257524487
73.81416355501895,210.50693966534294,3.2013545730706285,397.0586980468764
19.618923078526947,809.0236402916764,19.486680202708854,910.6310208624077
61.058099766601316,146.92192358377076,26.039987756852696,508.38796751901674
33.09065053312274,342.64514652252154,24.845576079703587,698.8143115739404
96.66341877138218,864.65892185814,18.78164126942404,763.5538844719861
53.51910820479323,154.92531114344266,2.258361499550209,422.6912932903781
82.53932947976423,82.7368356181899,3.3719108152803887,274.334022109016
59.52038879406356,484.53799508001083,1.4792696132947403,572.8064297231931
13.907127956933724,302.4195112785364,7.724376494774079,651.513935444034
66.98362380346201,563.4083644838541,4.069844014811332,606.6776597726804
95.62630079859913,803.8048904834751,7.801441207573017,681.6268943624382
64.1450638131698,137.14848815274317,11.55174167156885,464.4654581974034
83.72699734841112,580.699084554285,28.28948352213407,662.7896416711295
89.5785817013567,505.50876038986394,18.31128179345076,557.0907403166474
30.527179475403923,144.07878601319956,25.04921357048887,574.4979611041681
29.0840355917404,623.9984855289824,21.31054502136997,852.2643312045341
64.98828899658926,273.64041786077166,3.3750939157989523,502.1954147697443
46.99256228260342,487.8343185440125,22.077612191218464,703.8750755430206
85.58751725800484,82.27232427706188,8.252966446773733,318.3955256566353
91.002081105821,459.58405721362305,19.17323540984119,596.6554390455237
41.807924137244626,306.4634680428203,10.228859209289656,594.1189932525749
31.318350307703387,822.3812111853543,29.930167897939775,979.9734653032975
80.24729637194757,56.97872699736828,7.906544384903334,291.55270112814634
34.73254319933225,418.60727491832995,8.37391412322809,667.3374205556912
84.03528866623105,458.431424131438,27.920167666871947,588.8365941860928
48.13644282838865,725.0060762991187,0.7393321390896801,687.769764781793
70.07949093623233,574.287575090211,20.900669636195907,671.0055156143867
18.59817824512014,667.212337194181,21.759791722076343,869.0368107686512
66.14733922089158,777.0492856517561,25.09135732231198,808.8914209432121
50.65909108635062,862.2029736581887,29.23317931915426,882.0606611300661
62.79476168579267,313.87549672247053,29.268057574699572,643.6582403713853
25.12127869703771,538.0227053639029,1.9583027269939168,737.2696190613008
76.31863704497638,840.1080784391999,24.655179682587075,755.9537522733818
87.65173697889057,989.4511309650564,19.38929800972144,858.0705787644602
29.506582008169808,889.5193110437631,19.420264031192737,929.0253707586869
18.614309996814555,371.4672626243768,3.850497798440844,674.8524564234325
12.127472744170277,195.16651721865043,19.5056149933696,656.67552056367
67.77743503989393,489.3925374065887,29.474477418037434,689.5996175962297
64.63846324799027,741.6414518360423,27.35455708618341,808.1251921223308
59.2027671442663,492.5690707532976,13.173919824145516,670.909709191582
30.875238650437787,483.1808633136685,1.1984391985828302,617.7692713226841
45.18153963149632,838.2304210818006,10.868804700006145,856.1498253084924
63.50287016675557,361.40377906718635,24.791709348016656,647.1917307200963
54.709017297325246,859.7946748116456,21.044973043954982,892.4853531498343
98.90069681933986,406.80480095172356,13.780309667818692,545.3428257866382
22.27957773010598,328.2331056783394,1.6530460547649328,589.6746470409354
72.56300986428344,453.989911199699,12.806841834699078,602.0592798583006
46.38868912938629,762.4469586748685,14.070748191536506,809.2284338467152
48.53796534330533,126.00202786399429,27.85666598682408,593.6726301267817
74.58379890923587,196.4192158720174,19.232583107464784,470.3904568739839
72.31925361919326,951.4448256630919,9.349587499639467,793.8763160162895
99.21303943319695,175.49162738135738,15.759547933521642,408.08660117484493
21.55548605087127,567.7273179310546,1.981659234664802,714.3586388156697
19.36986844457497,579.3144666619379,29.177047069492104,835.051090577688
75.1904935415867,489.6244620502448,10.80179705792178,557.7443291947562
62.05482253057682,644.7452485768185,14.336020647394074,726.459248331305
34.67445999038253,229.82672579761842,10.658519227107679,605.9437416108128
17.147743209008794,552.6622677767482,20.475351903486004,830.5985450376733
17.70924246367875,372.17325524689716,19.866964749887792,771.8396359988722
90.47717871977065,661.6672596291891,21.45966931587407,625.9551925903252
27.268059224686862,141.22354337314945,8.044296888357625,515.7311745097652
39.10344059039687,570.8774168394763,9.47005443492198,706.8214053085345
30.399076200428922,185.2703553833237,3.7575369328862385,516.7888509306307
41.94966752487436,278.6430631150364,19.665299155383376,614.3218564073179
16.248145847148404,218.70980032358324,1.1939138200695765,587.30736044246
56.715381181744334,182.8377798688171,17.930470065703773,497.5808915725797
16.085130723299343,825.710951560667,26.090876545549015,999.2253269467743
82.03208570401254,285.70756766089033,26.724964448689008,529.0286622521311
31.034087371938973,927.1237818644494,13.471132811098851,910.0385957551675
58.601072314405954,969.9265253451908,13.779110646392214,874.6455982888956
89.20711788053124,571.2604699370974,2.309075490240521,525.244472881244
68.57896321424747,143.0011226657264,20.122950763291072,461.42600855648476
57.966200789620174,374.54824337958127,24.637782611185365,637.5172160743006
39.190037780383804,797.732263348214,7.339651638141391,820.264482742064
39.97017217523781,367.3907286970705,12.639026449000939,614.0111246946067
70.25382596783712,87.01721830278875,25.16518010295811,496.75447378181144
99.47254250990508,556.784910928188,26.313614029868642,576.4584792076315
69.56552708644408,845.1208514960348,7.295399407926778,728.7117382742222
60.20050756330224,795.9263871435024,16.517119036240928,883.3461747897559
75.75854592153215,175.12314013035325,5.774794519074812,358.0201642462773
51.86850510553463,672.7646144124667,3.056362924186696,655.4459662692702
15.412810834070669,220.50426343564712,27.333615041758726,722.7160767744418
60.60671342901188,218.20753455217223,24.615225126963274,488.04615701065063
96.18627560548421,874.0717733051852,22.801047054095218,755.4240778074428
25.777264812189365,249.66895274023017,1.4629895643942126,619.1923775078127
72.10044017385991,263.24734651801117,25.311863781307725,495.5335939793624
28.084031979315082,0.6533907612995549,13.141322277161512,422.3222762563507
58.22449160257732,870.6690341255177,10.27185369887579,767.0448746906749
18.700880468204765,792.5948132091347,16.394290830761292,949.117006404169
50.53338426323666,627.328935090678,2.740597281706675,709.5106027637366
78.05469960057215,750.2657639388423,22.699396480571966,739.0881016612093
41.28143718150839,152.0485674244918,17.473052306648878,560.0416058209972
69.84205520384963,458.3235945875754,5.597702906195026,589.3318060385736
81.59049647107562,351.2193873487809,5.646965993071368,512.6934266594152
93.44600375315073,93.77652625701649,5.527459547180227,286.7974911695618
31.117787366990818,486.1304852149241,1.7100716265580196,589.21808710918
45.938432422837735,920.7396503426354,17.633953481150545,886.0979276362666
23.71744119973757,40.05911905069448,25.210445327655243,562.125336716353
99.32351519425377,291.4609134937939,0.524946419621658,342.6164793648922
93.43008711318657,207.54093620570347,1.4701393491382064,325.1951214787215
58.59614172525036,238.1466536656963,17.183108300608374,562.7672810980591
85.78299649387792,908.4345518793752,24.58487056158157,858.0254920665893
56.8862179544838,468.06905423429015,9.802166717059007,607.2364972212453
66.12271192024838,466.2994129398188,10.488431964231665,620.1782768118773
18.021198890441497,760.5756424552823,17.890394924903276,926.4060401797657
77.97433784471271,154.4922040049258,8.22638667372441,386.39020102282393
21.494213527171134,487.2653541000508,0.7982509823305239,710.3376160934636
84.34608672272755,429.9852141210597,22.05685554304788,574.4061860547241
80.38252789033473,596.9106905466562,18.769497388243593,712.8895838564747
73.78702279686789,999.5577032504386,17.422679971669773,822.3788480891277
13.254434247228591,769.4488940820471,22.250523869754694,940.7586366753507
37.28155203507957,397.86570301742717,20.256925126861127,684.5772541291619
33.680131291975854,827.553052274047,6.1764596453496345,856.8020112015838
42.41227667243672,170.70836331248017,10.574431408300534,549.0283232935253
17.88784720874547,30.463686308960124,3.78330425035875,479.75286576295275
94.32620407279565,204.44837246427306,3.895710402536431,296.05723654124546
59.842201664113865,340.41155611425967,20.285872390696177,617.3839519119192
37.49718795922212,510.5807574595599,25.758003209474946,794.2375938837472
45.72833653668551,615.1291405411998,28.88197751583417,756.533688458332
50.24822864543521,910.6057172144217,18.850413526483333,898.6961162931979
64.05349000245556,509.8540095504577,5.5230397008287095,542.6774783515967
56.4111484926848,501.2756446257294,3.1695103634679214,577.3123957270881
92.74527758929756,50.24300982298213,24.385529146102733,341.7290500652281
54.726713461524724,34.91155265622381,17.36269429079998,464.3670483447972
99.29422133409814,551.159961916372,18.548550630411597,573.9449753331152
86.62824619705862,438.1786132483445,23.443862662641276,537.8561513235219
28.765946292160223,839.1803949802986,21.09831683197355,965.1859216622566
93.75356931795247,160.67958471184517,25.0337475856829,381.23364761262724
20.472975809692848,24.971662117049597,1.6864171637963543,469.4024031625563
83.57047376420724,449.03876793012586,22.425619102395146,561.5157381056703
44.256096412892205,237.47855675225748,25.525582719662864,602.6285902598507
89.01768884005625,49.614373338837446,8.58405127374943,315.8024989591487
88.12510210967054,724.598286847629,19.213418219797585,709.6344101655766
82.5332860105859,111.59299995724747,9.424861915109163,395.4300237290907
81.10273926763553,608.3195000077717,28.73913199447362,702.0795811832038
37.42112251882367,281.04975016688917,1.0027071730651127,542.4685692811994
17.282735474612696,173.49605035502202,17.39378531498865,608.7366256564864
46.268216088864534,379.75152291931744,4.995106411485453,581.5063417291763
25.61720634878578,801.4457762229537,21.36660615531476,943.8888812819487
72.54559800122155,392.09357690457267,5.276708502559862,501.8442415377897
41.1489753884007,750.7696492110557,7.0614978569507265,733.1328732023045
97.80491807739234,125.4862967991507,14.831124331372742,353.4281427141888
67.68748696107988,772.7714196650791,27.445048499906342,831.4853357694952
84.02325072709249,236.93332490664864,6.351431164439125,377.74886180380395
21.927220546766357,677.3931298888727,4.3272006335431055,756.0192953896775
87.58130340453603,565.7815548409964,22.769304955620917,678.2697665001136
93.0481471462055,929.1447172116873,15.018585970017929,775.2642123441489
53.83557269370423,387.32251797531404,27.353553371453142,662.0498768361588
64.56276439758797,66.16518883444044,4.3984367147952685,327.275498304008
78.83288208126959,19.155485551252905,19.37783679069118,345.3138356326332
25.73547645343713,826.8585609727531,6.986374384554451,910.2324349524245
55.23094688170982,524.7356376614322,4.702812859549179,624.318900709374
45.87967249950818,775.2440518349492,20.502882454718115,835.9798086825194
23.17365929460242,234.4256000115147,17.810538597261996,652.0351920449997
43.07809800623783,345.08374551323374,22.644823750869936,632.0997518688632
16.135507844694423,30.103872211318937,9.283877293385471,558.0900899469149
12.323071625453828,961.4923245741121,13.439149691465698,1051.5567119149248
22.16496602393405,667.8679067008134,12.164150289912554,814.262584592084
96.68036004302564,933.2050877593063,29.522683918995426,805.3147759346275
59.45765823055153,265.49640742907235,8.767468702181636,419.66857657302137
96.9239945037898,611.4636112256609,8.844517150403007,514.7349847069349
48.924809049711875,678.4999682926378,10.636446264858222,705.4736950727417
38.06345197767336,317.5497002575884,16.937822438709645,633.329316618944
55.55276765562197,848.10923501563,7.569682327912357,785.4577150472702
49.55605197696191,947.1614629002478,27.458698211378216,921.8460019536719
19.509821583556953,884.8551176960043,7.970566945987905,915.3160075533341
67.67436832211857,739.0669759393726,26.87447194680584,816.0428571667803
29.443436425863965,277.464679724954,3.1042519093975396,581.7584706293404
65.76291594080466,281.6160421056317,19.69688107198957,485.0135701645832
68.51809831583381,963.3603204460379,27.20956555314731,908.3257886267392
23.68223678157833,10.284495935692028,5.062483151946886,417.90773007369717
15.521466439960134,716.0499732421445,29.04980880297765,983.7614922302882
80.26854274615958,706.2461625552622,13.586500812465351,703.774349592084
51.382038139238816,622.6895409497974,28.371453253230733,772.1151055336021
15.234741595492821,990.1088460868658,20.30460130890141,1027.8918487294495
99.53796854527904,311.8794357637252,9.047606096206547,388.72583121210903
15.200250489672998,339.9718637932482,5.6490757475131925,585.0467573232308
72.55317059726978,78.93940294655555,9.11205138675298,377.4494918184506
98.53110327370723,442.7981365437374,2.7905222778802496,431.5730334499443
31.526209379433304,261.0485262348481,4.316038990299893,586.6310824076594
22.802443181847657,343.3867021776442,3.1398132103944345,586.0328110563746
20.9246445480186,834.5717902556277,12.688306312246732,899.3798045974938
37.294763281083604,935.4845135274958,23.867351287727594,929.9989656179616
19.0941229909582,185.73307200518562,4.241506626490206,526.6629832573416
72.29452075247187,372.50893155346586,3.909612995170076,453.45950861312105
15.606261831705641,928.6305621153941,19.302868485519923,1043.890048355573
55.84799153348107,61.808460689222635,5.915489459041988,371.98984757683627
99.70271684676791,92.36052811137851,2.9283011432697483,265.43888977407266
83.25732425554169,162.79098920622937,5.005457346167329,345.2279064514721
65.36974944079098,595.2128341268748,27.711941876303282,701.9729201421965
37.56282587079505,150.47227100599747,24.644137583285726,580.7193331118929
66.15062526624746,968.0763814507335,10.621936870652823,856.6690992357964
57.433731752048644,446.7145272585203,19.674623019821784,613.1964016959224
48.347504550133436,501.5179603501664,16.118270210041143,710.5812012968299
21.76393390661795,246.6586158054065,20.313727904476917,634.114518060903
89.79437937164201,470.9602524347335,20.48013457388278,554.0081431896695
50.48061839391902,661.9136326370116,18.862020451799786,789.7455570860492
27.516026063868857,751.1771369540428,7.983041056119258,813.0526108494264
43.09834157895607,753.868082709913,1.1701926228845438,754.6172255125871
47.27167772760343,577.8911126940883,13.667003459703263,706.0248155991073
84.47841060101868,904.3597749938572,26.729216540721115,836.2717785985926
76.02529425052619,817.4078473061094,17.084917755557278,694.6304565135576
79.23744042772059,757.0481146986255,24.97173125105724,710.7799378651946
10.992813798578249,55.605521680460626,29.748730288836846,662.0469810700848
47.45385983617854,6.877962219649314,4.908486124148288,416.735274391502
53.32097364717912,212.44727719547296,20.75332917425947,522.7127624215508
11.727304914075102,663.5235939134523,20.22880721100074,890.4030677043704
33.38318878705308,411.1974888825458,29.398663420748353,761.2840727709245
78.42608408099215,402.4062592993117,29.56802201858401,634.5615155493606
22.339873515609916,884.5868882296137,20.600358351723884,917.4452971764712
58.17791183073325,895.5628481318387,7.308443759465828,783.2086999616974
29.368168481551375,909.1752640535857,23.95667514391797,976.2891209062325
11.090869717950394,313.8780765150273,3.210874026331143,660.8150051523996
31.708131183958734,691.0558127392618,23.42097912514886,942.4613229551439
97.82863794190484,271.63318127436963,27.30588372434089,472.01992362888325
82.13834006946907,190.6098330744498,11.485001843053057,364.1055816809633
96.361897988893,184.6324573473692,18.919058849492416,409.8938712705067
53.90686395337262,342.10762086359404,12.90428196290479,613.4845020724244
19.876257880975317,429.9576197798217,13.132951649643854,724.2552181245893
59.31635400763236,830.9491710550684,9.311126673243601,756.8817005162263
50.89396011039648,119.8910934727121,22.86388861350974,550.3229277171159
85.99213744656544,734.9258473948942,28.085296924995156,769.8193645376795
18.827432270582015,531.4549141893053,28.222525777033834,819.5753638422071
53.94170233196004,287.9453426759925,5.243438546248015,519.8075255993865
23.50437982245858,492.8195845328246,26.242309489696982,837.0261672772876
39.22083342010539,299.94206977702265,22.122943242813665,678.3799521190303
76.36213696490196,596.081955238306,7.585122020708678,604.8867075687069
52.84163164318899,433.8439228552442,2.0185383876454366,557.7473750509027
43.82994566311924,164.40552907887874,8.03991800653134,527.7307322451762
45.50286507130318,116.58307455569673,27.36624710344577,522.3093624917411
51.350209156538796,546.6956820721301,18.99536024687317,727.4313935284447
80.65148894533512,902.4130332861034,21.631639826936155,776.3094501207943
90.2876220046211,343.9576865576856,7.714570533272875,471.650118099132
95.98012178535355,733.0001072226232,21.581644667244607,678.7265461231392
80.82130476297655,658.661354939767,0.8436451883377127,629.1424861920665
38.38662061732114,931.554914309481,11.259640373190415,921.658179859395
71.93212354778879,820.9810172991408,18.802600456269936,752.0105333856959
49.384281164985275,566.605258905463,4.382896966239606,699.8031027512909
32.92035598414461,657.0304982341073,24.690107233408042,899.742075324492
85.67844214833303,898.3864665840349,7.0509389643575595,753.8811964467826
13.458371406609249,399.51878458693477,19.568433384553387,734.37880904532
91.15857929218812,326.7947058577774,12.15591427725989,441.5207678079015
51.53297181622607,10.81108363519634,17.881307864329415,444.57598221273986
67.34813291274523,826.5510741914642,3.223516578867244,706.2374092718895
69.34185299852044,800.9807004033648,0.5073839976482197,745.7721083682585
90.56059666358827,104.45451810015139,27.286932821409035,421.30992731813717
67.30027139504867,576.8573811327002,8.088900263015484,545.8719362830609
65.25402262840555,463.9816981668874,24.590310083413772,669.3610059979825
15.998683650462096,118.70909550911146,29.980509014166007,650.8163199694801
56.656721975068365,980.5682270607235,6.342937739967335,849.7808396214399
23.51521007353375,214.69588746335543,7.955122235500668,565.5193437150089
76.3690391849337,67.23418009056115,19.88579362903997,428.15033313387994
56.0999728731407,594.8473795019096,28.963459038018637,807.5316996782274
71.2205001287518,738.8666771330327,27.47443044572232,801.6355852766321
13.750561054214584,32.44344604718697,15.086265601967547,540.2220322566427
17.63128144412229,658.7176387270222,23.85330847580174,894.4914012658777
74.4691049256414,532.2918759514545,4.072375592997032,563.688489661117
16.487590239880603,103.26500887504841,29.32314552612037,624.7125601525391
16.413105498873275,172.52387694636207,28.930597021079596,699.0434665390961
11.08976277113987,567.9742973160805,4.911868736375129,789.0784737423103
96.0851258469532,296.35761351328836,8.982693744093199,451.0501351295507
76.37575235131062,938.315728651316,3.004649925203008,792.7143503063954
41.79262676518577,818.7402294840508,8.151527966945391,804.1796267534911
36.68820231588897,983.567206513663,24.4786736824562,1028.7213159567145
41.47329067712646,259.670838950414,11.349468214957785,533.6342870257824
79.71881780630636,969.7236327979771,2.6519090144027513,779.8428710803087
69.5233549963373,431.2338697915579,10.266765743367136,542.8822726607995
26.667601108072112,347.51879531375465,29.441500027238405,710.2664977675855
25.66984018006759,50.34952696935324,18.890507857776086,551.0191425142765
18.85560847420576,52.76525785960262,12.484828392184733,452.0029316234834
69.42724477312044,692.0112559466547,4.9961554049181,610.1754034463997
78.79353959995623,457.9289944340279,29.585303918510842,635.1856414964709
33.85417854925036,226.52162603610572,24.625470277893864,637.2988817588164
11.885046492782154,613.9703063252326,8.444319073527582,802.472045947162
17.39545007287846,252.85811825011118,2.1020608716356834,537.3699243030707
97.10740313605274,577.6317543444226,1.698766721326741,481.45074610653165
36.59002997296783,359.20874698269034,3.611344485166015,599.6272858153936
79.23008330543203,823.552226611819,17.42305750843265,778.6546040506277
66.21972119688374,820.6961607667793,27.862902636164772,850.5167364456839
44.37456756876063,477.3503981224013,14.902302840179534,714.7680239869261
28.51185359759996,350.8191093350156,25.288364473685913,728.2377269469146
20.92477763434658,362.55979655909454,13.376598595794235,662.9648887367324
65.35116712349799,805.7145256682179,21.257506373034758,804.6762317264404
79.71704025740092,328.179482797612,21.956182118595024,492.6335465033427
67.95138281870176,209.05937370684603,5.21891117710016,423.525924571076
57.727191992424245,84.68834187530683,10.836481769274354,456.7080223833927
13.775610108847264,466.6931208844084,19.11906469614072,808.1737561376951
97.16398998349455,482.1320989198419,2.1208982455309853,502.2388505146659
81.88427724891172,840.9087104029071,10.846205632888697,719.945994305192
36.35398330308683,221.23869644606398,16.043983988435773,622.160312091378
98.19732964229655,380.9912736683999,29.88673479133916,539.538195070567
64.16934306726898,808.4057388936909,14.236006878673223,827.0224271155014
62.418039238652185,823.6236107489735,24.48170271342971,846.310498802415
77.3265861486579,384.6110759787682,12.962018551998533,546.3528135175313
83.05928092811239,459.1240232866809,23.891721678591267,644.0961481812553
69.08307465983523,303.2858908492829,17.86244404860325,527.9031128307158
21.528617172958,932.5548784193121,26.59786324507195,1041.232573542467
40.44407553950485,118.64376574158031,12.328276570503297,538.2969418609812
93.52752762934448,933.7494230014701,18.129132594644368,772.9476966680215
30.215405065946673,683.8664518353432,18.900560418564822,806.163044337471
43.4950321453762,531.5721526867312,12.5214882540142,762.1986328148553
48.88691946497764,32.65906078449588,4.329361310624446,377.22264462032314
49.5464490725007,475.5961918220083,2.8067822073700666,607.9553412584787
65.1645624245073,407.7481050027323,0.500146517988993,545.561297901323
94.87682539702368,161.21881197512255,26.206027927356438,408.75425232133637
31.662344064925446,656.4096035006569,7.094247367160836,738.4529689946924
20.935123867082623,971.1509073682857,6.345202478453041,962.1082133784051
27.77234408739436,562.1888110645251,22.081062012781967,754.3903913966176
89.82324101883425,714.7532764439458,9.600483392621753,627.2721498225412
68.12297313896855,68.45045256601678,15.181340772355098,413.1141706573404
35.73161103152441,417.66699581699476,4.875331958923689,617.9167677037877
83.43522450717555,116.35848516449587,28.792371643859077,405.5318989844443
87.52329967270924,612.7958355365104,25.547442000517123,719.3905674388335
86.18629048212502,938.4821582141545,25.9136886889501,843.356795723928
92.7033880275599,661.7777324716385,12.203212457160156,656.7293279717926
32.701691815602544,76.80304831442153,22.870836411215183,546.8495432610657
77.95377358716505,354.66620498508286,4.3162846616934045,438.65284558879046
51.4485547546726,550.6633794408515,0.25857007775340834,630.3543034528299
85.77986976010554,403.2077561332522,0.5991879773408437,440.7865948831671
75.5641609445452,833.6440104751723,17.598052122136814,742.7869392748938
79.88027018497522,814.6710047099892,13.661847157438224,780.097455350885
69.05456539129644,611.8310201032215,15.540460467255592,657.7860095271794
25.968589252273617,373.4579451327053,0.22389421251658215,554.7346843282476
59.05242270072445,255.33637376324413,12.680598589722772,553.7588933467825
98.62027655720574,105.87431821312931,21.542044836025823,349.65761314069783
94.36492598474071,354.89768348655406,13.280811059023076,442.5234023057015
13.885636221731051,413.1725172077195,21.966576189366666,721.8006032746008
24.833333415649342,675.8229251040736,6.9905689319050435,850.5925515625237
21.85558961091057,658.1598242975734,24.394260134451763,846.8000263720232
75.3381918986766,70.10813964125695,17.65293721360357,399.057664613786
83.60067968712505,395.2593154311578,6.322892982897187,505.82069324490294
29.216022967960473,181.77886721736192,7.101614275614988,551.4009440729674
55.52674236566461,156.81270531680568,18.84091393708611,504.24106588707383
85.663272521008,827.3021497372459,24.8981877963733,730.1022205388431
75.95213902896255,41.91521671625753,12.468833460874656,331.15361350259593
58.80134849426634,419.18287590212134,7.749012873827766,577.5664669786762
63.13129214128956,168.20365576651818,26.010348207318014,501.14447039637065
55.752449222465195,879.330215678474,20.078048752525046,878.8987877344296
36.77936061869385,557.0405132750351,13.442564618492295,755.8473001383518
60.85197935731145,231.38063637684803,14.637005858379055,535.1944959823879
71.99967718450816,502.4272871663764,6.127694038091892,529.0677014857426
88.59906242747269,731.4863597031158,18.804078901945317,759.865768728235
67.26622185813233,958.1180089194338,10.76227531628666,854.0960958033771
78.50093833388422,220.44600424541895,29.869355300230477,524.0155390121373
24.40644714591157,886.1817721293452,14.405505457856636,974.5851694085203
51.54017269778109,934.3041141674903,14.576568185688396,956.3766130788431
10.839845784438397,916.4205445320662,16.975553622320156,967.4068999926126
32.20109780694607,635.4143568619098,27.5026800935624,851.8594062031882
75.38155436017044,629.8206544347076,24.02454299579251,637.5354293196052
99.26289562144271,403.2106331838228,13.533902093935243,477.26568617670017
18.92602896284943,752.3978823037879,21.56097797918388,938.1875714170193
46.13448842751594,531.2940183509319,17.58706496342285,714.0040052467496
82.00638718292436,677.4380712282945,14.771011461037467,646.9189242406121
28.363207116600897,428.45790384879547,5.769473183530516,596.5012610065979
59.95764543720576,731.4964640431391,13.918087903646727,766.671745730539
75.97641664267073,824.471517604549,7.37455761067724,764.8423314451084
65.43869052341611,146.43625660281612,27.44526449554964,496.3978255369049
26.922226115387453,832.929715574228,10.062204404890409,899.2109993360981
41.984611181716545,540.2965317903072,28.567920436001167,739.9897051274083
80.54126060368574,844.6659090902243,15.991658702841336,774.383858159037
59.8803862718815,431.3017063410146,18.94633136028481,618.939882223947
10.470665218862147,379.04048538303505,16.28821333467983,716.6767751902428
78.48916840252845,915.0607325172224,3.8814185090010267,718.6590443595471
13.178021944621516,251.1692675484013,11.27463657023823,630.615403330537
77.1160404458109,844.2123252861431,2.974383368328718,717.1029576180586
28.223250414871366,484.02057250940413,18.68862132550145,711.4187456017297
96.22661321074422,514.0954425512597,13.406225856013167,523.4855509764275
43.11466761718761,308.468281489484,23.339549147128103,640.3437302888452
39.42384547042712,573.0422006190157,6.614114429981095,668.3489593121764
23.39992452992002,325.2111962762113,4.9369817528800475,670.9906893629962
37.50437939411934,39.26941424165231,12.189966928913034,442.466539181193
88.89856856453805,271.99860534435606,27.797561496551435,488.2082970523163
99.67009038645226,6.379043406590679,21.312654450372353,281.3932843011254
43.14785774561635,978.3547870568566,12.56770874378756,976.5267666246606
50.37495678590883,965.7472098197475,15.518165092629317,925.9267168732782
74.98638443824633,395.15529747230505,2.52639033531295,457.152686910669
89.75762024185671,728.370854339646,29.537276891283394,775.7858976664688
63.37399007681057,345.80609841042497,19.992219140847567,588.763135507685
45.23731283600464,671.093157085976,8.562122053902675,750.3628529378325
47.13596567637614,805.4300430459791,17.57425182645733,838.8440673635743
72.60563318471262,946.7562446922408,3.284470982069819,749.5010980936224
10.289643724385082,400.212275849672,28.975100064227508,824.2456900444564
65.76304037138567,783.2979829560477,5.243549636500978,704.225001646504
41.99437093972217,265.92845063211877,19.440909541656424,658.688329092428
81.47775981493758,990.3323037936483,7.363633876167913,749.4723086755579
18.369157584081893,25.769598764351144,21.526841479456074,611.4962372128585
62.93820402535515,603.5288065011209,23.304641017208432,726.1334307966031
53.28756008975114,659.5059816513271,20.202591867342978,779.8758419137582
67.80929733147048,688.0455570741289,18.434983807655776,757.7645385798149
15.836823503467151,120.387578789089,26.77407281856035,627.6462041268118
62.198540868531815,938.5297834731305,2.3588013296927413,820.3907273203924
60.533612916357136,181.1832790500828,9.927442973405856,377.401699981564
60.459408497455385,622.7534032398411,7.448624388925379,645.641912075523
64.31388999368093,222.67607912308495,29.640418861962647,538.876579670081
70.8821143503726,307.2164170212709,11.681693390006204,461.7651520383958
82.44900997126928,546.4585417281244,21.978380977211962,629.3255006939456
34.28386481153929,417.19341856457646,20.541754916430136,720.0263884752719
84.25444691620558,160.22560097650629,6.362437124321332,380.24144531622227
54.843011403710825,170.93640242084828,7.169930406346539,464.0151217470366
16.935245122089803,418.14478816279967,8.438536906591024,680.4885393012792
15.269583631958128,757.2829782755007,12.333818347781376,905.5723231155379
40.08144868264547,897.9646468477886,7.029751969515804,867.6153080690623
80.64072794003208,84.12766225938284,0.5895444824054341,331.1710547597029
73.69128412668242,393.1039075594011,26.381791704215864,630.695161008678
80.97534682051658,100.24556372287662,28.96829494142652,452.95250852464
56.55421507974484,16.592480632597884,10.247111610947039,362.95156294696193
49.61790981599415,661.7186826439566,10.155206382764186,713.1931391128543
23.270727403565555,602.4494419665878,0.2127543832311296,715.9826298996119
39.53734782483804,163.0191138148862,20.40752064991122,555.4771266649974
49.061742955648775,233.8128330930641,24.763196872458863,601.5786848695726
17.97403867116555,23.70775364451838,4.398249010800095,501.3782375666048
29.855075744009014,834.9472056944037,4.789990481014522,850.3247672297861
63.840276465736494,974.6905960485515,23.70249749914313,914.8206997597961
76.20968028152708,135.4595367946908,18.48872245062434,435.84352895588603
99.85127602536546,231.47521376529812,1.3458167288315104,307.43570305673995
93.98019982092019,868.4095239469341,18.676409713868452,717.8844433507601
67.83086795816723,926.4637979561849,9.267531685312981,753.4138166108343
47.91232479646648,419.6273828068103,11.061754664125377,600.5310095923264
67.25596282374094,50.62247226907412,23.091942548906406,453.1974240058799
80.70864562722087,39.391833692819404,24.328055780178317,378.1229157244517
20.65025718310486,573.9498660690105,12.01069880519492,777.9434443883871
46.891440072665944,392.89510889317904,28.414588080190644,711.8391132519145
85.58220570720555,28.652427577654514,12.193881538562167,334.1696892527015
44.54496567397396,583.2523923125568,23.1550810569033,741.3807188538918
61.46850441044679,11.302536589022472,14.516317936927772,423.73912544141893
62.89924247759784,787.3719581492729,26.92596979566252,873.43860330082
26.602862782027543,306.4328227033716,27.23283730950536,675.6765138365732
42.601189748705956,40.2580030092321,2.6225042361325155,380.72284734992616
40.1060159867739,588.3522209831533,28.09479993930677,850.0647827221745
12.35770376788583,397.6844144330547,24.76604524561247,781.1937165032732
12.177258750221972,973.8004133571495,23.739321429380006,1002.4716991512533
84.85273393081961,544.1986625037022,6.027340190565673,505.68738527024016
34.576372897553114,275.2391810370083,24.153576262639948,647.17726438387
56.62708896149339,709.4388646339747,25.503982040551104,777.4667961267246
36.88530162298957,271.4920025427113,8.674510033624529,556.0599334514163
94.66113206038065,904.2432914075652,28.567802350869712,811.9491476874965
33.336708297919635,374.72197050737645,1.4958043919749275,638.6975204408459
48.66911314650416,549.8685627762052,4.49727759741419,642.6997124488275
88.54572254361416,50.57310382422886,16.12743414154543,372.4628089761818
85.77402101126278,426.1212379522308,17.273774133669292,584.9702314717766
26.749127606164958,832.363539660995,19.354502499027102,975.7361895877004
82.23789788161393,805.6488053633419,0.5090738794639937,667.1987162357161
51.23681980641034,224.31855885352624,28.811003238663908,543.6051617656824
53.46719848768197,226.07907101056267,1.3376427820243197,473.150899914473
22.01319751743494,817.3053122132368,4.291858581702072,895.5243530972302
17.254136238141218,930.3984201693255,0.4204355257817094,913.1069658360851
75.51453762763887,95.36092127300356,17.005752998822842,458.50312884995685
54.68150371197698,450.0586394262253,27.968006517629167,726.6198480093512
49.31656323536616,337.454278964229,19.978414982413927,637.7177260026691
75.65574057871571,870.6884554574393,24.67972405441282,864.3670476008118
78.89616090919988,83.52491468001877,0.39843610375740246,317.0672506690231
24.30173509024182,211.1259425580374,16.260458954391783,539.1757457983916
64.92026345298771,752.4683375864944,13.786889325165657,735.4336565160014
22.1818674049917,51.29384898121558,14.969038326623792,569.8615547261873
77.62375774261412,492.53538071428926,2.1663955600556384,500.0006547266315
69.12596406404256,442.10703467972,20.533060832079222,609.6367541510203
96.09531589751121,334.40117898874865,15.096612445759034,423.05261461354377
16.206221472077907,394.57231531892376,22.95446549583792,816.9574985784708
15.134924903612887,529.9405869302329,14.558719021851461,842.8038875860757
35.39683672238802,161.3673583883831,4.481449086792963,470.3843476067704
